Date,Headline
2022-11-02,"Former Apple, Inc. employee defrauds computer giant of $17 million, US attorney's office reports"
2022-11-02,World's largest iPhone assembly plant under new Covid lockdown in China
2022-11-02,"Comcast, Charter brand national streaming joint venture as 'Xumo'"
2022-11-02,The anti-ESG funds exploiting the US political divide
2022-11-02,Best Buy Co. Inc. stock underperforms Wednesday when compared to competitors
2022-11-02,"HP Inc. stock falls Wednesday, underperforms market"
2022-11-02,KLA Corporation Announces Robert Calderoni as New Chair of the Board
2022-11-02,"Apple now valued at more than Amazon, Alphabet and Meta — combined"
2022-11-03,PYPL Earnings: PayPal Q3 2022 profit and revenue beat estimates
2022-11-04,Meta's rising capex is a response to TikTok and Apple; Cassava Sciences Files Lawsuit Against Perpetrators of 'Short and Distort' Campaign; A pleasant experience flying Spirit Airlines
2022-11-05,"Why Apple raised the price of the iPhone, but not in the U.S. and China"
2022-11-07,Apple warns of lower iPhone shipments as COVID curbs hobble China plant
2022-11-07,Jumia Technologies (JMIA) Announces Appointment of New Management Board and Acting CEO
2022-11-07,Matter is just the first step towards the ideal smart home
2022-11-07,Samsung to only use Qualcomm’s AP for Galaxy S23 series
2022-11-07,"Buffett’s Billion-Dollar Bungle, Apple’s Peeling Production & The Lidar Linkup"
2022-11-07,ASCENSIA DIABETES CARE ANNOUNCES GLOBAL INTEGRATION OF THE EVERSENSE CGM SYSTEM WITH APPLE HEALTH
2022-11-08,"Earphone and Headphone Market Size to Grow by USD 20720.41 Million From 2022 to 2027, Customer Landscape, Vendor Assessment & Market Dynamics - Technavio"
2022-11-08,"Federal Circuit Reins in Albright Again, Orders Quick Ruling on Apple’s Venue Transfer Motion"
2022-11-08,‘Matter’ kicks off with a bang in Amsterdam – with Silicon Labs in starring role
2022-11-08,Intel loses bid to revive antitrust case against patent foe Fortress
2022-11-09,"As Retrans Revenue Slides, Broadcast Stations are Finding New Ways to Grow"
2022-11-09,Tesla stock hits two-year low after boss Musk sells more shares
2022-11-09,Apple hires former Facebook executive to lead its System Information team
2022-11-09,Xperi signs second TV maker for TiVo operating system
2022-11-09,Marketing Ethics – The Push and Pull in the digital age
2022-11-09,Lululemon names Isabel Ge Mahe to board
2022-11-09,Lululemon appoints Apple’s Isabel Ge Mahe to board
2022-11-09,Lilly’s new diabetes management platform to integrate Dexcom CGM
2022-11-09,Meta Layoffs Deepen Silicon Valley’s Jobs Losses
2022-11-09,Apple AirPods Maker Dives After Revealing Major Client Loss
2022-11-10,CVS Using Omnichannel Approach to Take Behavioral Health Beyond the ‘Care-as-Usual Experience’
2022-11-10,Apple hires former Facebook exec to lead its information systems and technology
2022-11-10,CBS Lines Up Mariah Carey Christmas Special for December 20 | Next TV | Broadcasting+Cable
2022-11-10,Apple hires former Facebook exec as its new chief information officer
2022-11-11,Ragnarok Arena pre-registration rewards revealed by Gravity Game Hub
2022-11-11,BlackRock-style money: The largest investment company will teach Ukraine how to fight the crisis. Why is this a good signal?
2022-11-11,Reza Partners with Perfect Corp. to Enable Virtual Try On of Jewelry
2022-11-13,"Dow pops 1,200 points, S&P 500 jumps 5% in biggest rally in two years after light inflation report"
2022-11-14,"The $98 Roku Smart TV sold out in minutes, but you can still save big on a TV from Walmart"
2022-11-14,"Salesforce Accessibility Execs Derek Featherstone, Catherine Nichols Talk Disability Inside And Out Of The Company In New Interview"
2022-11-15,"Sid Meier’s Civilization® VI: Leader Pass To Bring 18 New Leader Selections to the Critically-Acclaimed Strategy Game on PC, Mac and iOS"
2022-11-15,Bull vs. Bear: An Indian Century in India Equities ETFs?
2022-11-15,iPhone 14 Emergency SOS via satellite tested: Here's what it's like to use
2022-11-16,BlackRock Ups Stake in Penny Stock MULN; Trims Holdings in AAPL and MSFT
2022-11-17,Apple launches satellite-enabled SOS service in US and Canada
2022-11-17,"With AWAL and Platoon both acquired, Tencent-backed FRTYFVE is becoming an indie power player in artist services"
2022-11-18,Best Buy Canada Launches Black Friday Deals
2022-11-18,Revealed: Just one in four Trump-endorsed candidates using Truth Social actively
2022-11-18,Competition gets heated on Fungible’s DPU patch
2022-11-20,"Moody's closing its consulting business in China, laying off staff: Report"
2022-11-21,"Taiwan’s TSMC eyeing advanced chips base in Arizona, founder says"
2022-11-21,"Walmart's $228 50-inch Smart TV sold out in minutes, but you can go bigger"
2022-11-21,Opinion | How One of the Country’s Most Storied C.E.O.s Destroyed His Legacy (Published 2022)
2022-11-22,"T-Mobile rolling out 4 lines, 4 iPhones, $100 a month plan"
2022-11-22,Sound United Parent Masimo Wins Big as Judge Finds Former Employee Stole Its Trade Secrets
2022-11-23,IPhone Pro models scarce in stores this holiday - Best Buy
2022-11-23,Apple’s main iPhone plant boils over in violent protests against China’s tough COVID restrictions
2022-11-23,"Samsung Secures 3-nm Advanced Chip Orders From NVIDIA, Qualcomm – Report"
2022-11-23,Berkshire Hathaway says Warren Buffett donates shares to family charities
2022-11-23,"HP Inc. stock rises Wednesday, outperforms market"
2022-11-23,NASDAQ Trading - How to invest in NASDAQ (US100) index?
2022-11-24,"What does Google’s ₹2,274 crore fine mean for Big Tech?"
2022-11-24,Foxconn apologizes for pay dispute that sparked factory protests in China
2022-11-25,Apple's interest in Manchester United would mark a major escalation in the ‘streaming war’
2022-11-25,Dimensional U.S. Core Equity 2 ETF DFAC
2022-11-25,Black Friday on track to top $9 billion in online sales for first time
2022-11-28,"Baxter overpaid for Hillrom • Sale of Weiss Memorial, West Suburban moves forward"
2022-11-28,"iPhone 15 might feature ""no buttons"" - AppleMagazine"
2022-11-29,"Hawley Demands Apple Condemn CCP COVID Crackdown, Reduce Reliance on Foreign Labor"
2022-11-29,Fubo Sports Network Now Streaming on Amazon Freevee
2022-11-29,"Lithium company CEO is ‘accelerating’ his U.S. investment plans, thanks to the Inflation Reduction Act"
2022-11-29,Android users in 12 US states cleared to sue Google Play
2022-11-30,Apple TV's Lloyd Sam talks money — from a $50 dare to when he won’t pay extra
2022-11-30,President Joe Biden to visit TSMC plant being built in north Phoenix
2022-11-30,President Biden coming to Arizona for semiconductor manufacturing plant visit
2022-11-30,"Spotify, Epic Games get ally in Musk in fight against Apple fees"
2022-11-30,Spotify CEO renews attack on Apple after Musk's salvo
2022-12-01,Vodafone Picks Dubber for UK and European Business Strategy
2022-12-02,"40+ Spotify statistics 2026: SPOT stock, revenue and performance"
2022-12-02,Casetify teams up with Barbie on tech collection
2022-12-02,TSMC to make higher-end chips in US: sources
2022-12-02,Samsung Galaxy S23 likely to adopt unbreakable smartphone screen glass
2022-12-04,"After 18 years at Corning, an inventor of Gorilla Glass brought his expertise to Penn State"
2022-12-05,How suite of dividend growth ETFs brings quality to the fore
2022-12-05,Apple sues AliveCor over patents as Apple Watch import ban deadline looms
2022-12-05,MercadoLibre files complaints against Apple for 'anti-competitive practices'
2022-12-06,Check out the Polaris Slingshot 2023 Lineup
2022-12-06,How TSMC’s AZ semiconductor plants will benefit U.S.
2022-12-06,Taiwan Semiconductor Plans to Build Second Fab at Phoenix Site
2022-12-06,Apple Scales Back Self-Driving Car and Delays Debut Until 2026
2022-12-07,Apple is sued by women who say AirTag lets stalkers track victims
2022-12-07,Amazon.com Inc. stock outperforms market on strong trading day
2022-12-07,Uber Launches Robotaxis but Driverless Fleet Is ‘Long Time’ Away
2022-12-07,Sherman a contender for Finisar’s new $3 billion semiconductor project
2022-12-07,"TSMC triples Arizona chip plant investment, Biden hails project"
2022-12-08,"Apple AirTags Have Become Weapon of Choice for Stalkers, Class Action Alleges"
2022-12-08,Apple to be TSMC US fab top customer
2022-12-08,"Broadcom gives upbeat revenue forecast as server, data center demand booms"
2022-12-08,Dexcom G7 Receives FDA Clearance: The Most Accurate Continuous Glucose Monitoring System Cleared in the U.S.
2022-12-09,TSMC Revenue Rises 50% in November Despite Covid Challenges
2022-12-09,Corning Confronts R&D Hurdles
2022-12-10,Will TNT Walk Away From The NBA?
2022-12-12,Sonos Trueplay Now Works With iPhone 14 Models
2022-12-12,ElectraMeccanica Celebrates Commissioning Of New Manufacturing Facility And Corporate Headquarters In Mesa
2022-12-12,IBM Remains Big Tech’s Disaster
2022-12-12,"As Market Dynamics Pivot, Alpha Opportunities Are Set to Improve"
2022-12-12,Music now has over 616 million paying streaming subscribers globally
2022-12-12,Consoles and Competition
2022-12-12,Disqo names CFO
2022-12-13,"SPDR Gender Diversity ETF Officially Changes Index, Name"
2022-12-13,"System in Package Market Size, Industry Share, Forecast to 2034"
2022-12-13,Discovering diamonds in the rough
2022-12-13,"Apple planning huge change as a result of European legal push, report says"
2022-12-14,Why Kodak Died and Fujifilm Thrived: A Tale of Two Film Companies
2022-12-14,Z-Wave hopes open-source will matter to the IoT
2022-12-15,"WisdomTree Launches Quality Growth ETF, QGRW"
2022-12-15,Warner Bros Discovery Global Brands and Experiences Announces New Global Consumer Products Leadership Team
2022-12-15,Want to Attract Top Tech Talent? Prioritize Their Needs
2022-12-15,Masimo links passive health monitors to home stereos amid legal row with Apple
2022-12-15,"Australia takes aim at Apple, Microsoft over child protection online"
2022-12-17,What Is HP Smart Friend a Complete Overview | HP® Tech Takes
2022-12-18,"Apple Scales Back High-End Mac Pro Plans, Weighs Production Move to Asia"
2022-12-19,"As markets shift, big office campus near Apple won't expand until anchor tenant is landed"
2022-12-19,NSO Pegasus iPhone Spyware Vulnerabilities Fixed by Apple - Detect & Prioritize Using VMDR for Mobile Devices
2022-12-19,Apple CIO steps down from Rackspace board citing new job duties
2022-12-19,Webull Expands into Australia
2022-12-20,Sonos Roam Review: A Portable Speaker That Is More Than Meets the Eye
2022-12-20,Why I can't stop paying the 'Sonos tax'
2022-12-21,Ken Griffin among world’s richest after stellar year for Citadel
2022-12-21,Ad tech firms focus on layoffs as ad recession fears build
2022-12-21,Purpose pushes through with yield-focused single-stock ETFs
2022-12-21,Masimo’s W1: A Game Changer in Watch Industry
2022-12-22,"Garmin Venu Sq 2 Music review: Stylish design, focused on fitness"
2022-12-22,Does Life360 (ASX: 360) Have A Good Business Model?
2022-12-23,Is BEAST Still a Threat?
2022-12-23,How to use Sonos speakers with Apple TV
2022-12-23,"'WHAT… HAPPENED'? A look back on crypto's 'biggest year yet' (for fraud, hacks, implosions…)"
2022-12-25,7 of the Best Meme Stocks to Double Down on in 2023
2022-12-25,"iShares MSCI ACWI Index Fund (ACWI) Stock Price, Holdings, Dividend Yield"
2022-12-27,"Dominion Energy (NYSE:D), Meta (NASD: META) and Air Lease (NYSE:AL): Money Managers Invest Their Own Wealth: 2023 Stock Picks"
2022-12-27,Economic Slowdown: What it means for the IT industry?
2022-12-27,Garmin Ltd. stock outperforms market on strong trading day
2022-12-27,Stock Market Outlook 2023 for the Worst Performing S&P 500 Sectors
2022-12-28,Should John Hancock Multifactor Large Cap ETF (JHML) Be on Your Investing Radar?
2022-12-29,"As supply chain issues improve in China, Apple faces sales slump with some iPhone models"
2022-12-29,TSMC starts mass-producing three-nanometer chips
2022-12-29,"Evie’s smart ring is ""designed for women"" and aimed at challenging Oura"
2022-12-29,TSMC starts volume production of most advanced chips in Taiwan
2022-12-29,TSMC ramps up 3nm chip production in Taiwan
2022-12-30,"2022, Year of Face-Ripping Bear-Market Rallies that Got Crushed"
2022-12-31,"WisdomTree U.S. Dividend Growth Fund (DGRW) Stock Price, Holdings, Dividend Yield"
2022-12-31,Garmin celebrates Global Running Day with the introduction of the Forerunner 255 series
2022-12-31,"HP Posts Steady Q2, Despite Notebook Slump"
2022-12-31,"What the Stock Split by Google’s Parent, Alphabet, Means - WSJ"
2022-12-31,GM tells remote workers to ‘pivot’ in return-to-office mandate
2023-01-02,What is TSMC?
2023-01-03,Foxconn to use Nvidia chips to build self-driving vehicle platforms
2023-01-03,Tuesday's ETF with Unusual Volume: IWL
2023-01-03,Apple’s market value drops below $2 trillion
2023-01-03,"If You Invested $100 in Berkshire Hathaway in 1965, This Is How Much You Would Have Today"
2023-01-04,Salesforce to lay off 10% of workforce to cut costs amid economic downturn
2023-01-04,Apple to sign Luxshare for iPhone production in China - FT
2023-01-05,Apple brings AI narration to audiobooks
2023-01-05,"Android has a response to iPhone’s satellite connection, thanks to Qualcomm"
2023-01-06,Nordstrom appoints Atticus Tysen to its board of directors
2023-01-06,Qualcomm partners with Iridium to develop satellite connectivity
2023-01-06,Apple Analyst Says BOE Will Become Largest Display Supplier for iPhone 15
2023-01-06,Kartoon Channel! Expands Global Reach
2023-01-06,Garmin Venu Sq2 Review | A fitness lifestyle companion
2023-01-08,You might actually want a TiVo TV someday
2023-01-09,U.S. Supreme Court lets Meta's WhatsApp pursue 'Pegasus' spyware suit
2023-01-10,"Pepsi, Coke soda pricing targeted in new federal probe"
2023-01-10,"Illumina, the DNA sequencing giant, gives Wall Street bad news"
2023-01-10,Inari’s share price down over 4% as Apple plans to drop Broadcom chip from devices
2023-01-11,Apple to start using in-house screens from 2024 - Bloomberg News
2023-01-11,Inari pares loss as analysts see limited impact from Apple's plan to drop Broadcom chip
2023-01-11,Apple Watch patent infringement finding; Masimo seeks import ban
2023-01-11,Apple debuts free tool to help businesses get noticed
2023-01-11,Kuo doubles down on iPhone 15 Pro having no physical buttons
2023-01-12,Back Again At Comparing Skyworks Vs. Qorvo (NASDAQ:SWKS)
2023-01-12,"IDC, Gartner: 2022 PC Demand Dropped To Its ‘Lowest Level In Years’"
2023-01-12,Meta faces a future of more legal woes and falling revenues
2023-01-12,Starbucks tells corporate employees to return to the office
2023-01-12,Buffett-Backed Taiwan Semiconductor Braces for Chip-Sector Downturn
2023-01-12,Starbucks tells corporate employees to return to office 3 days a week
2023-01-13,Apple Takes Major Steps Toward ‘Owning’ Its Key Technology
2023-01-13,How Both Taiwan and the US Can Benefit from TSMC's Investment
2023-01-13,Apple CEO Tim Cook to take more than 40% pay cut
2023-01-13,Apple CEO Tim Cook to take a more than 40 percent pay cut
2023-01-13,Oracle jumps into payments for retailers
2023-01-16,"From Apple To Amazon And Toyota, Here Are The Top 10 Biggest Companies In The World"
2023-01-17,Biometric Sensors Market Size to Touch USD 3.5829 million by 2030 According to Acumen Research and Consulting
2023-01-18,Goldman Sachs Vs. Jefferies: Which Is the Better Investment?
2023-01-18,TSMC expects revenue to fall amid declining chip demand
2023-01-18,Temu Review: What Is Temu and Why Is It Suddenly America’s Most Popular App?
2023-01-19,"Netflix’s Reed Hastings steps aside as co-CEO, stays on as executive chairman"
2023-01-19,Global X S&p 500 Covered Call Etf Share Price
2023-01-19,Apple’s Reliance On China Poses A Problem For The Company
2023-01-21,予算3万円台の「スマートウォッチ」おすすめ5選　人気の「Apple Watch SE」から、コスパが良い高機能モデルまで【2023年1月版】 - Fav-Log by ITmedia
2023-01-23,"Nokia Corp. ADR rises Monday, still underperforms market"
2023-01-23,How Apple’s Upcoming Mixed-Reality Headset Will Work
2023-01-23,7 Growth Stocks That Will Make You Rich in 10 Years
2023-01-23,Silicon Valley 2.0? 5 US cities that could be the new tech start-up central
2023-01-24,Apple builds on privacy commitment by unveiling new education and awareness efforts on Data Privacy Day
2023-01-24,Nokia Corp. ADR underperforms Tuesday when compared to competitors
2023-01-25,Choice Hotels Opens Cambria Hotel Austin Uptown Near the Domain
2023-01-25,Goldman Sachs signals partial retreat from consumer banking
2023-01-25,"Big Tech to Congress: Listen to Taylor Swift and Go After Ticketmaster, Not Us"
2023-01-26,"AST SpaceMobile raises $75 million, partners with TIM Brasil"
2023-01-26,IBM Is Tech’s Most Beaten-Down Company
2023-01-27,Is Augmented Reality safe?
2023-01-29,"Save $200 on the Sonos Arc Soundbar, now $699 (lowest price ever)"
2023-01-30,Apple takes first steps towards 'Made in India' AirPods
2023-01-30,‘Acapulco’ Renewed for Season 3 at Apple
2023-01-30,Google continued to ramp up federal lobbying spending before DOJ filed second antitrust lawsuit
2023-01-31,Get Your Game on With Build-a-Bear's New 'Ted Lasso' Collection
2023-01-31,Exxon Vaults to Record Annual Profit of $55.7 Billion
2023-01-31,"Apple workplace rules violate U.S. labor law, agency finds"
2023-01-31,"Netflix Inc. stock rises Tuesday, still underperforms market"
2023-02-01,Spotify Reports Q4 2022 Earnings: Strong User Growth and Widened Losses
2023-02-02,Apple Is Dropping Industrial Design Chief Role in Post-Jony Ive Era
2023-02-02,McDonald’s new strategy to bring renewable energy to its supply chain
2023-02-02,"Samsung’s next frontier: XR in partnership with Qualcomm, Google"
2023-02-02,Apple sales drop 5% in largest quarterly revenue decline since 2016
2023-02-03,Peloton Rival Zwift Bets on Hardcore Racing In Your Living Room
2023-02-03,Meta从虚拟元宇宙重回现实
2023-02-03,"Apple Q1 2023 Revenues Slowed by Exchange Rates, COVID, and Inflation"
2023-02-06,"Corning Inc. recently cut about 1,500 jobs worldwide"
2023-02-06,NLRB: Apple illegally interfered with employees’ protected activity
2023-02-06,Purifying the ‘miracle metal’: How to decarbonize aluminium
2023-02-06,Sonos Is Having a Secret Sale Ahead of President's Day
2023-02-06,Calamos Investments Launches New Sustainable Equities ETF SROI
2023-02-07,元宇宙烧了 137 亿美元，还得 Facebook 救 Meta
2023-02-07,BioSig Appoints Steve Buhaly as CFO
2023-02-08,"Mobile App Development market, it is estimated to increase at the rate of more than 23.80% from 2020 to the end of the year 2030"
2023-02-08,Apple Stock Versus Microsoft Stock: Which Is the Better Buy Now?
2023-02-08,Exclusive: Hearing startup Tuned adds more employers with fresh funds
2023-02-09,"AMD wins nearly a third of processor market, Arm's climb slows: analyst report"
2023-02-10,Navigate 2023 With Recession-Resistant ETF ZECP
2023-02-10,Cartões Bradesco seguem pontuando em compras com Apple Pay
2023-02-11,Apple hires its first Chief People Officer in executive reshuffle
2023-02-13,Wall Street ends sharply higher as investors eye inflation data
2023-02-14,T-Mobile suffers major network outage across US
2023-02-15,These Stocks Are Leading the Growth Rebound
2023-02-15,Qualcomm introduces new Snapdragon X75 mobile modem chip
2023-02-16,"Microsoft Now Supporting Windows Virtualization on Mac M1, M2, via Parallels Desktop 18"
2023-02-16,Forget Milk and Eggs: Supermarkets Are Having a Fire Sale on Data About You
2023-02-16,Exclusive: SoftBank's Arm China profit drops over 90% in 2022
2023-02-17,Familiar Faces Powering Growth Stock Resurgence
2023-02-17,"UBS recommends its clients grab a full serving of Buffett's incredible, UNDERVALUED Berkshire Hathaway"
2023-02-17,Groupon Outsources Legal Executive Role to Winston & Strawn (1)
2023-02-17,Garmin Ltd. stock outperforms competitors despite losses on the day
2023-02-20,Trump’s Truth Social Dilemma
2023-02-21,Major League Soccer and RBC Wealth Management Announce Multi-Year Partnership
2023-02-21,Apple HomePod 2 vs Sonos One: is it worth paying more?
2023-02-21,Microsoft teams up with Nvidia and Nintendo in 10-year deal to stream Xbox games
2023-02-22,"AMD Puts Hopes on Packaging, Memory on Logic, Optical Comms for Decade Ahead"
2023-02-22,Dexcom G6 Continuous Glucose Monitoring System Launches in Singapore
2023-02-23,2023 Clean200
2023-02-23,All 47 Warren Buffett Portfolio Stocks Now | Current 2023 Holdings List
2023-02-23,Mercedes-Benz’s Superscreen Will Bring TikTok and Zoom to E-Class EVs
2023-02-23,7 Super Speculative Stocks That Could Make You Very Rich
2023-02-23,Unity Software stock slides nearly 20% as mobile-ad spending dries up and annual forecast weighs
2023-02-23,Apple shareholder moves to boot Al Gore from board of directors
2023-02-24,How does Spotify’s new AI powered DJ work?
2023-02-24,"This Week in the Metaverse: BlackRock's new ETF, Titanic artifacts as NFTs, and a Snow Crash Sotheby’s auction"
2023-02-25,Step-By-Step Guide To Opening A moomoo Account
2023-02-26,How Reuters used AirTags to reveal Dow’s false recycling promises
2023-02-27,"If I'd invested $1,000 in Berkshire Hathaway shares 25 years ago, here's how much I'd have now!"
2023-02-27,How Have the Top U.S. Asset Managers Voted in 2022?
2023-02-27,Apple pays $12.1 mln fine for alleged app market abuse in Russia - Antimonopoly Service
2023-02-27,"Apple iPhone's Clean Energy Charging causes stir on social media over battery charging times, 'shaming'"
2023-02-28,Lightsource bp Places Multi-Year Order for 4GW of First Solar Modules
2023-02-28,JGRO Top Holdings List & Exposure (JPMorgan Active Growth ETF)
2023-03-01,Why Target says 2022 was rougher than 2020
2023-03-01,IWV Top Holdings List & Exposure (iShares Russell 3000 ETF)
2023-03-02,The 10 most innovative companies in augmented and virtual reality of 2023
2023-03-02,PNC Bank ends business relationship with Donald Trump Jr's MxM News app company 'without cause'
2023-03-03,British chip giant Arm chooses New York listing in a blow to London
2023-03-03,IOO: Some Reasons To Stay Faithful Despite The Long Fall Ahead (NYSEARCA:IOO)
2023-03-03,WEBTOON and LINE Studio Announce March 14 Launch Date for the True Beauty Mobile Puzzle Game
2023-03-03,IBM Stock: What Is the Highest Price It Has Ever Been?
2023-03-03,VT vs ACWI ETF: Which is the Best World ETF?
2023-03-05,"Apple Readies Its Next Range of Macs, Including — Finally — a New iMac"
2023-03-07,TSMC customer billed NT$529bn
2023-03-07,"Sonos CEO Patrick Spence on right to repair, spatial audio and those never-ending lawsuits"
2023-03-07,Virtual try-on is being hit by class actions. Should brands worry?
2023-03-09,Apple and Foxconn efforts win labour reforms to advance Indian production plans - FT
2023-03-09,Sonos Bets on Spatial Audio as a Key Brand Differentiator
2023-03-10,Apple Inc. to Launch Apple Music Classical App
2023-03-12,Four Ways to Cluster based on Correlation
2023-03-12,Super-investor Mohnish Pabrai’s value investing principles
2023-03-12,"From Apple to Boeing, India is being put to the test as China manufacturing alternative"
2023-03-14,Fall Detection Systems Market Current Status and Future
2023-03-14,Federal Circuit Allows Apple’s Fintiv Challenge To Proceed
2023-03-16,MLBN and Apple TV+ national broadcasts to show Zoom Replay Operations Center live under new deal
2023-03-17,Los avisos de consumo que implementó el BBVA en la app (incluye débito)
2023-03-19,Buffett's Berkshire Hathaway speeds up stock buybacks
2023-03-21,"Raja Koduri, Main Driver Of Intel’s GPU Efforts, To Leave Company"
2023-03-21,"For Broad-Based Large-Cap ESG Exposure, See CVLC"
2023-03-21,"Consider CVLC for Broad-Based, Large-Cap ESG Exposure"
2023-03-22,AB US Low Volatility Equity ETF Holdings
2023-03-24,Friday Q&A: Movano takes on the women’s wearables market with a smart ring
2023-03-24,Taiwan PCB makers moving production to Southeast Asia
2023-03-25,Beloved clothing store closes - leaving customers scrambling for new options
2023-03-25,Skip Big Tech And Buy Bank of America (NYSE:BAC)
2023-03-27,Apple CEO Tim Cook meets with China's commerce minister on supply chain
2023-03-28,"Apple launches 'buy now, pay later' service in US"
2023-03-28,Apple introduces Apple Pay Later to allow consumers to pay for purchases over time
2023-03-28,AutoCAD for Mac 2024: New Collaboration Enhancements and Improved Performance With M-Series Chips
2023-03-29,"Apple Introduces Buy Now, Pay Later Service. Here's How It Will Work."
2023-03-29,Investment Giant Fidelity Offers New Metaverse and Crypto Payments ETFs
2023-03-29,Live Nation head says ‘speculative ticketing’ to blame for difficulty with buying event tickets
2023-03-31,Apple lawsuit claims company fails to pay overtime compensation at correct rate
2023-03-31,Is Google ending?
2023-03-31,SPDR S&P 500 (SPY) Stock: Breakout Leveraging Tech Stocks Rally?
2023-03-31,Top and Flop ETFs of March
2023-03-31,Apple wins appeal against UK's decision to investigate its mobile browser
2023-04-03,"Schwab 1000 Index ETF (SCHK) Stock Price, Holdings, Dividend Yield"
2023-04-03,"ProShares Ultra QQQ 2x Shares (QLD) Stock Price, Holdings, Dividend Yield"
2023-04-03,12 Most Advanced Countries in the World In 2023
2023-04-03,"iShares MSCI USA Quality Factor ETF (QUAL) Stock Price, Holdings, Dividend Yield"
2023-04-03,Garmin Forerunner 265 review: Brilliant but far too expensive
2023-04-04,"iShares Russell Top 200 Growth ETF (IWY) Stock Price, Holdings, Dividend Yield"
2023-04-05,Apple and global suppliers expand renewable energy to 13.7 gigawatts
2023-04-05,Frontdoor App Changes the Game of Home Repair and Maintenance
2023-04-05,EMBD Stock Price | Global X Emerging Markets Bond ETF
2023-04-05,"Green Visor Financial Technology Acquisition Corp. I (GVCI) Stock Live Price, Chart & News"
2023-04-05,"Flaherty & Crumrine Total Return Fund Inc. (FLC) Stock Live Price, Chart & News"
2023-04-06,General Motors hates your iPhone
2023-04-06,"iShares Global 100 ETF (IOO) Stock Price, Holdings, Dividend Yield"
2023-04-06,Apple says 'Hello Mumbai' at first India store launch
2023-04-08,Apple sued to stop App Store clones of Baidu's Ernie AI chatbot
2023-04-09,Social Livestreaming Platform Bigo Live Removed From App Store
2023-04-10,Introducing Domino's® on Apple CarPlay®: The Easiest Way to Order Pizza on the Go
2023-04-10,Domino’s Introduces In-Car Ordering
2023-04-10,"Baidu sues Apple, app developers over fake Ernie bot apps"
2023-04-12,"Apple iPhone 15 Pro, iPhone 15 Pro Max Might Stick To Physical Instead Of Solid State Buttons"
2023-04-12,"TSMC’s Taiwan factory plans have not changed, says minister"
2023-04-13,Apple will use 100 percent recycled cobalt in batteries by 2025
2023-04-13,Legal Briefs: News From Around NH
2023-04-13,"10 up-and-coming stocks, according to Gen Z"
2023-04-13,Apple Triples India iPhone Output to $7 Billion in China Shift
2023-04-16,Apple Plans to Launch More Than Just Its New Headset at WWDC
2023-04-17,Ben & Jerry's ice cream 'scoopers' launch union drive
2023-04-17,Magna to engineer and build off-road electric vehicle for industrial group Ineos
2023-04-17,Autodesk Technology Engagement Center breaks ground at CSUN
2023-04-18,Samsung competes with Apple on rising non-terrestrial network market
2023-04-18,YieldMax APLY ETF Seeks Income Through Call Options on Apple Stock
2023-04-20,"Big Tech Illegally Uses NDAs to Silence Would-Be-Whistleblowers, SEC Tips Allege"
2023-04-20,TSMC seeks $15B in U.S. support despite ‘unacceptable’ conditions
2023-04-20,Semiconductor industry electricity consumption to more than double by 2030: study
2023-04-21,Evaluating ESG’s Role in Creating Value
2023-04-24,Eye on Tap to Pay: MagicCube Teams Up With ACI; Fiserv Offers Tap to Pay on Clover
2023-04-25,3 reasons why the Vanguard MSCI Index International Shares ETF (VGS) could be an excellent investment for beginners
2023-04-27,Webull expands to Japan
2023-04-27,"In Masimo v. Apple Trial Twist, Jurors Suddenly Learn Apple Hired Many Masimo Employees"
2023-04-27,Elon Musk Threatens to Sue Microsoft Over Alleged Illegal Data Usage
2023-04-30,"Starbucks, Ford, Apple Lead Another Busy Earnings Week"
2023-05-01,"Forerunner 965, 265, 265S: Everything to know about Garmin’s first AMOLED display-toting running watches in India"
2023-05-02,"If Expense Ratio Really Mattered, Most of These ETFs Would Dominate"
2023-05-02,Masimo v. Apple – Judge Declares a Mistrial as Jury Hopelessly Deadlocked
2023-05-02,Apple fights $2 billion London lawsuit for 'throttling' millions of iPhones
2023-05-03,Qualcomm outlook grim as smartphone sales stay weak
2023-05-04,"Joe Kiani, Co-founder and CEO of Masimo, Talks About Fighting Corporate Giants and His Fixation on Reducing Preventable Hospital Deaths"
2023-05-04,CEO Tim Cook says layoffs are a 'last resort' and not something Apple is considering right now
2023-05-04,Amkor Technology seeks to open Vietnam factory in fourth quarter
2023-05-05,Warren Buffett's Berkshire Hathaway has been a fortress stock during recessions and bear markets. Here's how
2023-05-05,"Apple stakes future growth on emerging markets, starting with India"
2023-05-06,Buffett says Apple is Berkshire portfolio's best business
2023-05-08,CEO pay continues to soar – new study
2023-05-08,My Favorite BlackBerry of All Time Is One That Everyone Hated
2023-05-09,This Popular Brand Has Better Profit Margins Than Apple or Nike. Is the Stock a Buy?
2023-05-10,IonQ Appoints Pat Tang as VP of Research & Development
2023-05-11,"YieldMax™ Launches NVDY, the YieldMax™ NVDA Option Income Strategy ETF"
2023-05-12,Best Buy Announces New Membership Programs to Save You Money
2023-05-15,Layoffs may cause organizational drag: Gartner
2023-05-16,"Apple previews Live Speech, Personal Voice, and more new accessibility features"
2023-05-16,Apple investments with European suppliers surpass €20 billion annual spend
2023-05-21,"What you need to know about Temu, the online shopping app dominating download charts"
2023-05-22,Steve Jobs: Apple Cofounder and Tech Innovator
2023-05-23,Apple inks multi-billion-dollar deal with Broadcom for U.S.-made chips
2023-05-23,Examining the Importance of Dividend Growth
2023-05-23,"Burney U.S. Factor Rotation ETF ETF Price, Holdings, & News (NASDAQ:BRNY) $BRNY"
2023-05-23,Apple announces multibillion-dollar deal with Broadcom for components made in the USA
2023-05-23,"Fidelity Metaverse ETF ETF Price, Holdings, & News (NASDAQ:FMET)"
2023-05-24,"Wahed FTSE USA Shariah ETF ETF Price, Holdings, & News (NASDAQ:HLAL) $HLAL"
2023-05-25,New HP and Sonos Devices Accentuate the Ultimate Home Office Workstation
2023-05-25,Why Is Wearable Devices (WLDS) Stock Up 250%?
2023-05-28,Cadence Stock vs Synopsys Stock: The Winner Is?
2023-05-31,Everything you need to know about Salesforce’s Q1 2024 financial results
2023-05-31,American Express Is Approaching Generative AI Technology with Caution
2023-05-31,Apple Dominates Berkshire’s Portfolio. The Tech Stock Is Near a Record.
2023-05-31,Garmin debuts Pro versions of Fenix 7 and Epix 7 adventure smartwatches
2023-06-01,High Beta ETF 'SPHB' Lifted by Heavy Tech Sector Tilt
2023-06-01,Apple Bets On The Emerging Markets Growth Story
2023-06-01,"Apple, Microsoft Boost the S&P 500 Amid Tech Comeback"
2023-06-02,"In challenge to Meta, Apple expected to unveil mixed-reality headset"
2023-06-02,Vimeo is tuning out its streaming TV apps
2023-06-02,PayPal and Venmo users shouldn't store money on the apps long term
2023-06-05,Introducing Apple Vision Pro: Apple’s first spatial computer
2023-06-05,Is Temu Shopping App a Communist China-Based Scam That Spies on Users?
2023-06-06,Cisco Shows Breakthrough Innovation Towards AI-First Security Cloud
2023-06-08,Big Tech Is Outpacing Small-Caps Amid Market Rally
2023-06-09,"Apple, Amazon must face consumer lawsuit over iPhone, iPad prices, US judge rules"
2023-06-12,Bank of America execs blew $93.6 billion. Here’s how they did it.
2023-06-12,Apple Vision Pro’s External Displays from LG Display; Internal Displays from Sony
2023-06-13,The 3 Best ETFs to Buy to Balance Risk and Reward
2023-06-14,"Labor Ruling Offers Unionization Path to Uber, Lyft Drivers"
2023-06-14,Sonos Era 300 Review: Spatial Audio Is a Game Changer
2023-06-14,"""나스닥 떨어질 것""…서학개미 인버스 뭉칫돈"
2023-06-15,Democratic Large Cap Core ETF Review and Aggregate Rating (DEMZ)
2023-06-15,"T. Rowe Price's New ETF, TCAF, Is Worthy of Appreciation"
2023-06-16,Roundhill Ball Metaverse ETF Review and Aggregate Rating (METV)
2023-06-16,FlexShares Quality Dividend Index Fund Review and Aggregate Rating (QDF) $QDF
2023-06-16,iShares MSCI ACWI ETF Review and Aggregate Rating (ACWI)
2023-06-16,JPMorgan U.S. Research Enhanced Large Cap ETF Review and Aggregate Rating (JUSA)
2023-06-20,"Analysts highlight Masimo’s advantages over Apple, Fitbit ahead of proxy vote"
2023-06-20,"Sonos Five review: is Sonos' biggest, priciest wireless speaker its best?"
2023-06-21,Spotify has higher-priced subscription plan in the pipeline: report
2023-06-24,MUSQ Global Music Industry Index ETF Review and Aggregate Rating (MUSQ)
2023-06-28,Top 10 LGBT manufacturing leaders
2023-06-28,Road to UEFA Euro 2024™ Ramps up With European Qualifiers on FOX Sports and Fubo
2023-06-29,Lenovo ‘overall winner’ of UK FRAND trial as InterDigital confirms appeal
2023-06-30,Proposal for new Costco store in region takes a step forward
2023-06-30,How Apple Became a $3 Trillion Company
2023-06-30,Oakmark Equity and Income Fund: Second Calendar Quarter 2023
2023-06-30,"Apple, world's most valuable public company, is first to hit $3 trillion in market value"
2023-06-30,Apple’s market value ends above $3 trillion for the first time
2023-06-30,Apple Is the World’s First $3 Trillion Company
