source_id,source_name,author,title,description,content,url,urlToImage,publishedAt,query
,Cult of Mac,Lewis Wallace,MacBook Neo makes us swoon [Cult of Mac podcast No. 10],"This week on the ""Cult of Mac"" podcast: The MacBook Neo stands out in a tsunami of new Apple products, but there's plenty more to talk about!
(via Cult of Mac - Your source for the latest Apple news, rumors, analysis, reviews, how-tos and deals.)","The MacBook Neo looks like a sweetheart for switchers. Image: Cult of Mac
This week on the Cult of Mac podcast: The MacBook Neo is the obvious star that emerged from this week’s tsunami of Apple pro… [+1437 chars]",https://www.cultofmac.com/news/macbook-neo-cult-of-mac-podcast-10,https://www.cultofmac.com/wp-content/uploads/2026/03/MacBook-Neo-Cult-of-Mac-podcast-10.jpg.webp,2026-03-07 15:30:19+00:00,Apple OR AAPL
,New York Post,Rich Calder,New NYC Council caucus must crack down on animal sacrifices after number of ‘horrific cases’: Queens pol,A Queens pol said she plans to use a new City Council caucus to crack down on animal sacrifices in the Big Apple.,"A Queens pol wants to crack down on animal sacrifices in the Big Apple.
Councilwoman Joann Ariola (R-Queens) told The Post she joined the Council’s new animal welfare caucus in part to push for toug… [+1690 chars]",https://nypost.com/2026/03/07/us-news/new-nyc-council-caucus-must-crack-down-on-animal-sacrifices-queens-pol/,https://nypost.com/wp-content/uploads/sites/2/2026/03/122909856.jpg?quality=75&strip=all&w=1200,2026-03-07 15:36:54+00:00,Apple OR AAPL
,Wccftech,Omar Sohail,MacBook Neo vs M5 MacBook Air Buying Guide: Is The $500 Difference Worth It?,"Apple has announced two notebooks that occupy entire entirely different pricing brackets, which is a first for the company, meaning that it can become confusing as you attempt to figure out if you should opt for increased savings and get the MacBook Neo or sp…","Apple has announced two notebooks that occupy entire entirely different pricing brackets, which is a first for the company, meaning that it can become confusing as you attempt to figure out if you sh… [+11849 chars]",https://wccftech.com/macbook-neo-vs-m5-macbook-air-buying-guide/,https://cdn.wccftech.com/wp-content/uploads/2026/03/MacBook-Neo-vs-M5-MacBook-Air.jpg,2026-03-07 15:50:05+00:00,Apple OR AAPL
hacker-news,Hacker News,telecuda,Show HN: Outside In – Stream live night sounds from outside to bedside. iOS/free,"Hey HN. I built a small iOS app called Outside In (https://apps.apple.com/us/app/outside-in/id6759529344).The idea is simple: you put a spare/old iPhone outside (porch, windowsill, backyard) and keep the other one by your bed. The outside phone captures whate…","Hey HN. I built a small iOS app called Outside In (https://apps.apple.com/us/app/outside-in/id6759529344).The idea is simple: you put a spare/old iPhone outside (porch, windowsill, backyard) and keep… [+1736 chars]",https://news.ycombinator.com/item?id=47288683,,2026-03-07 15:50:48+00:00,Apple OR AAPL
,New York Post,David Spector,NYC students spend 20 days less in class than national average — as per-pupil spending skyrockets,"Big Apple students are set to clock in 130 fewer hours in school than the national average, amounting to 20 days, according to a study -- despite the city forking over more per student than any major school district in the country.",New York City kids are set to log 130 fewer hours in the classroom than the national average — the equivalent of 20 lost school days — even as the city shells out more per pupil than any major school… [+4064 chars],https://nypost.com/2026/03/07/us-news/new-york-city-students-spend-20-days-less-in-class-than-national-average-as-per-pupil-spending-skyrockets/,https://nypost.com/wp-content/uploads/sites/2/2026/03/crop-38700797.jpg?quality=75&strip=all&w=1200,2026-03-07 15:57:20+00:00,Apple OR AAPL
,ComicBook.com,Evan Valentine,Godzilla Celebrates Major Anniversary With Amazing Tribute,"Toho

The King of the Monsters recently returned to the screen in North America, thanks to Apple TV, with the second season of Monarch: Legacy of Monsters already past its second episode. While the organization is currently dealing with Kong on Skull Island, …","The King of the Monsters recently returned to the screen in North America, thanks to Apple TV, with the second season of Monarch: Legacy of Monsters already past its second episode. While the organiz… [+2811 chars]",http://comicbook.com/movies/news/godzilla-celebrates-major-anniversary-with-amazing-tribute/,"https://comicbook.com/wp-content/uploads/sites/4/2025/10/Godzilla.jpg?resize=2000,1129",2026-03-07 15:59:46+00:00,Apple OR AAPL
,Worldsoccertalk.com,Leonardo Herrera,How to watch Athletic Club vs Barcelona in the USA: Live Stream and TV for 2025/2026 La Liga,"Athletic Club receive FC Barcelona in a Matchday 27 clash during the 2025/26 La Liga campaign. Here’s all the essential information for this highly anticipated contest, including kickoff schedules and details on how to watch the broadcast live via TV or avail…","Here are all of the details of where you can watch Athletic Club vs Barcelona on US television and via legal streaming:
<table><tr><td>WHO</td><td>Athletic Club vs Barcelona</td></tr><tr><td>WHAT</t… [+2498 chars]",https://worldsoccertalk.com/watch-on-us-tv/how-to-watch-athletic-club-vs-barcelona-in-the-usa-live-stream-and-tv-for-2025-2026-la-liga/,https://media.worldsoccertalk.com/wp-content/uploads/sites/6/2026/03/06193931/Raphinha-1200x740.webp,2026-03-07 16:00:00+00:00,Apple OR AAPL
,Geeky Gadgets,Roland Hutchinson,The Essential AirPods Pro Settings Guide for 2026,"Your AirPods Pro come equipped with a range of features designed to enhance your listening experience. However, many of these settings remain underutilized. By customizing these options, you can unlock the full potential of your earbuds, tailoring them to you…","Your AirPods Pro come equipped with a range of features designed to enhance your listening experience. However, many of these settings remain underutilized. By customizing these options, you can unlo… [+7695 chars]",https://www.geeky-gadgets.com/airpods-pro-settings-guide/,https://www.geeky-gadgets.com/wp-content/uploads/2026/03/AirPods-Pro.jpg,2026-03-07 16:00:02+00:00,Apple OR AAPL
,redmondpie.com,Zayed Rehman,MacBook Neo Benchmarks Show Performance Close To M1 MacBook Air,"Early MacBook Neo benchmarks reveal A18 Pro performance similar to the iPhone 16 Pro, with single-core speeds beating the M1 MacBook Air and multi-core results close behind.
The post MacBook Neo Benchmarks Show Performance Close To M1 MacBook Air first appear…","The first benchmarks for Apples new MacBook Neo have started appearing online, giving us an early look at how the companys most affordable Mac stacks up against older models and other Apple devices.… [+2302 chars]",https://www.redmondpie.com/macbook-neo-benchmarks-show-performance-close-to-m1-macbook-air/,https://cdn.redmondpie.com/wp-content/uploads/2026/03/image_2026-03-04_223821700.png,2026-03-07 16:03:24+00:00,Apple OR AAPL
,Empire of The Kop,Empire of the Kop,“Happy that I’m here” – Ryan Gravenberch says new Liverpool contract was an ‘easy’ decision,"Ryan Gravenberch has said that it was an ‘easy’ decision to commit his long-term future to Liverpool, following this afternoon’s news that he has signed a new contract at Anfield.DOWNLOAD THE OF...","Ryan Gravenberch has said that it was an easy decision to commit his long-term future to Liverpool, following this afternoons news that he has signed a new contract at Anfield.
DOWNLOAD THE OFFICIAL… [+2155 chars]",https://www.empireofthekop.com/2026/03/07/ryan-gravenberch-says-new-liverpool-contract-was-an-easy-decision/,https://s.yimg.com/ny/api/res/1.2/Yr5qqJ8V6XOu_N8gLpSaAg--/YXBwaWQ9aGlnaGxhbmRlcjt3PTEyMDA7aD02NzU7Y2Y9d2VicA--/https://media.zenfs.com/en/empire_of_the_kop_articles_379/e8d30ef0d44b3ccf8293c753c8a767d1,2026-03-07 16:05:00+00:00,Apple OR AAPL
,Southernsavers.com,Jenny,14 Pies to Make on Pi Day,"Did you know that March 14 is an unofficial holiday? Every year, math lovers around the world like to celebrate Pi Day (3/14) on March 14, because the first three digits of the pi symbol are 3.14. It may not be a real holiday, but it's a great excuse to celeb…","Did you know that March 14 is an unofficial holiday? Every year, math lovers around the world like to celebrate Pi Day (3/14) on March 14, because the first three digits of the pi symbol are 3.14. It… [+995 chars]",https://www.southernsavers.com/14-pies-to-make-on-pi-day/,https://www.southernsavers.com/wp-content/uploads/2026/03/pies-to-make-on-pi-day-header.png,2026-03-07 16:15:35+00:00,Apple OR AAPL
,Yanko Design,JC Torres,5 Wildest Design Trends at MWC 2026: Nodding Phones and Tiny Robots,"5 Wildest Design Trends at MWC 2026: Nodding Phones and Tiny RobotsEvery year, MWC arrives with the promise of seeing the future of mobile technology, or at least a very expensive approximation of it. The 2026...","Every year, MWC arrives with the promise of seeing the future of mobile technology, or at least a very expensive approximation of it. The 2026 edition in Barcelona was the event’s 20th anniversary in… [+9733 chars]",https://www.yankodesign.com/2026/03/07/5-wildest-design-trends-at-mwc-2026-nodding-phones-and-tiny-robots/,https://www.yankodesign.com/images/design_news/2026/03/5-wildest-design-trends-at-mwc-2026-nodding-phones-and-tiny-robots/lenovo-ai-workmate-concept-03.jpg,2026-03-07 16:20:37+00:00,Apple OR AAPL
,Pypi.org,,macmetalpy 0.1.2,CuPy-compatible GPU array library for Apple Silicon using MetalGPU,"A required part of this site couldnt load. This may be due to a browser
 extension, network issues, or browser settings. Please check your
 connection, disable any ad blockers, or try using a diffe… [+12 chars]",https://pypi.org/project/macmetalpy/0.1.2/,,2026-03-07 16:22:11+00:00,Apple OR AAPL
,Bavarian Football Works,zippy,Norway vs. Germany: Women’s World Cup Qualifying match thread,WCQ continues for the German WNT. Can they make it two from two?,"Germany continues its campaign to qualify for the 2027 Womens World Cup after a strong start earlier this week in a 5-0 win over Slovenia.
This time its Norway, who edged out Austria 1-0 on Tuesday.… [+1786 chars]",https://www.bavarianfootballworks.com/bayern-munich-gamethreads-discussion/173601/norway-vs-germany-womens-world-cup-qualifying-match-thread,https://s.yimg.com/ny/api/res/1.2/vnjWKS9NeTMDK_JEoYrvog--/YXBwaWQ9aGlnaGxhbmRlcjt3PTEyMDA7aD04NjA7Y2Y9d2VicA--/https://media.zenfs.com/en/sb_nation_articles_115/900fe073bb416069c92b5d39f2f34edb,2026-03-07 16:30:00+00:00,Apple OR AAPL
techradar,TechRadar,David Nield,"'Everybody talks about what's the next AI device... Glasses, obviously is one of them' — Samsung exec teases details about its forthcoming XR glasses, and when they might arrive",It looks increasingly likely that we'll see the Samsung XR glasses before the end of the current year.,<ul><li>Samsung has been talking about its upcoming XR smart glasses</li><li>An increasing number of AI wearables are now being launched</li><li>We should see the Samsung specs launch sometime during… [+2497 chars],https://www.techradar.com/computing/virtual-reality-augmented-reality/everybody-talks-about-whats-the-next-ai-device-glasses-obviously-is-one-of-them-samsung-exec-teases-details-about-its-forthcoming-xr-glasses-and-when-they-might-arrive,https://cdn.mos.cms.futurecdn.net/k9vXUHCaBzM5JRDB5HhSaQ-2560-80.jpg,2026-03-07 16:30:00+00:00,Apple OR AAPL
,Github.com,ozaiworld,Show HN: Native WebGPU / WebGL Profiler for Mac,"I hacked together a tool to inspect the GPU pipeline for any WebGPU / WebGL app in Xcode.Xcode's native GPU debugger is awesome and I really miss it when building web apps :)https://developer.apple.com/documentation/Xcode/Metal-debugg...

Comments URL: https:…","Native GPU profilers to capture and analyze WebGL or WebGPU frames.
Built for BuildCores and worldmatrix.
Clone the repo, then:
cd native-gpu-profiler
./ngp doctor
./ngp builds the Swift binary … [+1886 chars]",https://github.com/HarshdeepKahlon/native-webgpu-profiler,https://opengraph.githubassets.com/cc5cfd6579c23f22887cbed86a86a103f202c2a8e3b8d8fcc02524ca7f7526fe/HarshdeepKahlon/native-webgpu-profiler,2026-03-07 16:32:04+00:00,Apple OR AAPL
,Erickimphotography.com,ERIC KIM,The Bitcoin Lifestyle,"30% ARR, naturally organic growth over the next 30 years? Holding steady! Money? So what is the one universal good that holds us together as humanity? Money. ￼Rather than what these skinny fat loser marxists say, money is the glue which holds society together…","30% ARR, naturally organic growth over the next 30 years?
Holding steady!
So what is the one universal good that holds us together as humanity? Money.
Rather than what these skinny fat loser marxi… [+7339 chars]",https://erickimphotography.com/blog/2026/03/07/the-bitcoin-lifestyle/,,2026-03-07 16:36:57+00:00,Apple OR AAPL
,Github.io,fatihturker,Show HN: OpenGraviton – Run 500B+ parameter models on a consumer Mac Mini,"Hi HN,I built OpenGraviton, an open-source AI inference engine designed to push the limits of running extremely large models on consumer hardware.The system combines several techniques to drastically reduce memory and compute requirements:• 1.58-bit ternary q…","Extreme Quantization
Features state-of-the-art 1.58-bit Ternary quantization, collapsing 16-bit weights down to just
 {-1, 0, +1} for absolutely massive 10x compression ratios.
Dynamic Sparsity
R… [+496 chars]",https://opengraviton.github.io,https://opengraviton.github.io/assets/logo.svg,2026-03-07 16:37:03+00:00,Apple OR AAPL
,PhoneArena,Preslav Mladenov,"Amazon slashes the Pixel Watch 3’s price, giving you even more bang for your buck","The watch is loaded with features, has a sleek design, and is still worth getting, especially now.","Sure, the Pixel Watch 3 is no spring chicken, I understand, but that doesnt mean its not worth getting, especially at this price. This was once Googles flagship smartwatch, which means it has a lot t… [+980 chars]",https://www.phonearena.com/news/pixel-watch-3-amazon-discount_id178730,https://m-cdn.phonearena.com/images/article/178730-wide-two_1200/Amazon-slashes-the-Pixel-Watch-3s-price-giving-you-even-more-bang-for-your-buck.jpg,2026-03-07 16:59:30+00:00,Apple OR AAPL
,Activistpost.com,Editor,Stephanie Seneff PhD Interview – Glyphosate & The Engineered Sick Care System,"Podcast: Play in new window | Download | Embed Subscribe: Apple Podcasts | Email | RSS Joining me once again is Stephanie Seneff PhD, here today to discuss Donald Trump’s recent Executive Order regarding glyphosate. Stephanie is an expert on the topic of glyp…","Podcast: Play in new window | Download | Embed
Subscribe: Apple Podcasts | Email | RSS
Joining me once again is Stephanie Seneff PhD, here today to discuss Donald Trumps recent Executive Order rega… [+5168 chars]",https://www.activistpost.com/stephanie-seneff-phd-interview-glyphosate-the-engineered-sick-care-system/,https://www.activistpost.com/wp-content/uploads/2026/03/Round-up-Ready-CC-1210x642.jpg.webp,2026-03-07 17:00:00+00:00,Apple OR AAPL
techradar,TechRadar,Efosa Udinmwen,Compal's latest laptop concept adds a color E-Ink display that piques my curiosity — but I am not sure it will turn into a real product because of one flaw,"Compal’s AI Book concept replaces the palm rest with a color E-Ink touchscreen that remains visible when the lid is closed, raising durability concerns.",<ul><li>Compal experiments with turning the laptop palm rest into a color E Ink display</li><li>The AI Book concept keeps displaying information even when the laptop is closed</li><li>A hinge flips t… [+3848 chars],https://www.techradar.com/pro/compals-latest-laptop-concept-adds-a-color-e-ink-display-that-piques-my-curiosity-but-i-am-not-sure-it-will-turn-into-a-real-product-because-of-one-flaw,https://cdn.mos.cms.futurecdn.net/MvLZch7PhziuotLzHsbQbh-2048-80.jpg,2026-03-07 17:05:00+00:00,Apple OR AAPL
,Medium,Lars Janssen,Verification debt: the hidden cost of AI-generated code,"I’ve forgotten how to write code, or at least I think I have. Hard to be sure, I haven’t done it for a while. But then, I start to muse…","Right now, the enthusiasts are hooked. They cant leave their desks without at least two agents spun up, pondering away, doing their bidding. Youre simply not productive if youre not burning tokens wh… [+6854 chars]",https://fazy.medium.com/agentic-coding-ais-adolescence-b0d13452f981,https://miro.medium.com/v2/resize:fit:1200/1*Q1oyfX-j_NP3cVEOXzmizA.png,2026-03-07 17:08:30+00:00,Apple OR AAPL
,Pypi.org,,mlx-tune 0.4.1,MLX-powered LLM fine-tuning for Apple Silicon - Unsloth-compatible API for Mac,"A required part of this site couldnt load. This may be due to a browser
 extension, network issues, or browser settings. Please check your
 connection, disable any ad blockers, or try using a diffe… [+12 chars]",https://pypi.org/project/mlx-tune/0.4.1/,,2026-03-07 17:09:27+00:00,Apple OR AAPL
fortune,Fortune,Sharon Goldman,OpenAI robotics leader resigns over concerns about surveillance and autonomous weapons amid Pentagon contract,A senior OpenAI robotics leader says she left over concerns about surveillance and autonomous weapons as the company expands its work with the Pentagon.,"Caitlin Kalinowski, who had been leading hardware and robotic engineering teams at OpenAI since November 2024, announced she has left the company.I resigned from OpenAI, she posted on X and LinkedIn.… [+2150 chars]",https://fortune.com/2026/03/07/openai-robotics-leader-caitlin-kalinowski-resignation-pentagon-surveillance-autonomous-weapons-anthropic/,"https://fortune.com/img-assets/wp-content/uploads/2026/03/caitlin_edited.jpg?resize=1200,600",2026-03-07 17:13:28+00:00,Apple OR AAPL
,Notebookcheck.net,Andreas Osthoff,Samsung copies the Apple MacBook Pro 16 and the result is a very good multimedia laptop,"Samsung took a lot of inspiration from the Apple MacBook Pro 16 for the new Galaxy Book6 Ultra and both look pretty equal when you remove the logos. The design also includes the keyboard, because Samsung ditched the numpad from the old Galaxy Book4 Ultra.","The quality of the aluminum chassis is beyond any doubt, only the hinges could be a bit firmer to prevent wobbling. We also have to say that the keyboard with the shallow key travel is not ideal. The… [+962 chars]",https://www.notebookcheck.net/Samsung-copies-the-Apple-MacBook-Pro-16-and-the-result-is-a-very-good-multimedia-laptop.1244904.0.html,https://www.notebookcheck.net/fileadmin/Notebooks/Samsung/Galaxy_Book6_Ultra/aPic_Samsung_Galaxy_Book6_Ultra-2097.jpg,2026-03-07 17:18:00+00:00,Apple OR AAPL
,Erickimphotography.com,ERIC KIM,The Bitcoin Lifestyle,"30% ARR, naturally organic growth over the next 30 years? Holding steady! Money? So what is the one universal good that holds us together as humanity? Money. ￼Rather than what these skinny fat loser marxists say, money is the glue which holds society together…","30% ARR, naturally organic growth over the next 30 years?
Holding steady!
So what is the one universal good that holds us together as humanity? Money.
Rather than what these skinny fat loser marxi… [+8434 chars]",https://erickimphotography.com/blog/2026/03/07/the-bitcoin-lifestyle-2/,,2026-03-07 17:18:29+00:00,Apple OR AAPL
,Bringatrailer.com,bringatrailer,2001 Ferrari 360 Spider,"This 2001 Ferrari 360 Spider has 30k miles, and it has spent most of its time registered in Arizona, Wisconsin, Florida, and Texas. It is finished in Rosso Corsa over Beige leather and is powered by a 3.6-liter V8 paired with a six-speed F1 sequential transax…","This 2001 Ferrari 360 Spider has 30k miles, and it has spent most of its time registered in Arizona, Wisconsin, Florida, and Texas. It is finished in Rosso Corsa over Beige leather and is powered by … [+2684 chars]",https://bringatrailer.com/listing/2001-ferrari-360-spider-93/,https://bringatrailer.com/wp-content/uploads/2026/02/DSC_0631-59083-scaled.jpg,2026-03-07 17:20:17+00:00,Apple OR AAPL
,Worldsoccertalk.com,Leonardo Herrera,How to watch DC United vs Inter Miami in the USA: Live Stream and TV for 2026 MLS,"DC United host Inter Miami CF in a 2026 Major League Soccer regular-season clash. Discover the full information about this matchup, including the date, venue, and broadcast options to watch the action live across the United States.
 
Here are all of the detai…","Here are all of the details of where you can watch DC United vs Inter Miami on US television and via legal streaming:
<table><tr><td>WHO</td><td>DC United vs Inter Miami</td></tr><tr><td>WHAT</td><t… [+1881 chars]",https://worldsoccertalk.com/watch-on-us-tv/how-to-watch-dc-united-vs-inter-miami-in-the-usa-live-stream-and-tv-for-2026-mls/,https://media.worldsoccertalk.com/wp-content/uploads/sites/6/2026/03/06191639/Lionel-Messi-3-1200x740.webp,2026-03-07 17:30:00+00:00,Apple OR AAPL
,Decider,mliss1578,‘Vladimir’ Episode 8 Recap: Climax,"Desire is a beautifully deranging force, and few television shows that have depicted its crescendoing power more effectively.","Anticlimax is a television mini-trend. The first season of Shgun, the second seasons of House of the Dragon and Fallout all three of these acclaimed shows spent a full season building to an epic batt… [+7368 chars]",https://decider.com/2026/03/07/vladimir-episode-8-recap-against-interpretation/,https://decider.com/wp-content/uploads/2026/03/VLADIMIR-EPISODE-8-RECAP.jpg?quality=75&strip=all&w=1200,2026-03-07 17:30:00+00:00,Apple OR AAPL
,Motorsport.com,Michael Banovsky,"F1 Australian GP: Sunday race schedule, weather, and how to watch",All the information you need to know before the 2026 Formula 1 Australian Grand Prix,"The Australian Grand Prix, Formula 1s first race of 2026, is expected to be one of the most-watched F1 races in recent memory.
New rules, new cars, new teams, new drivers: this isnt an event to miss… [+2996 chars]",https://www.motorsport.com/f1/news/f1-australian-gp-sunday-race-schedule-weather-and-how-to-watch/10802751/,https://s.yimg.com/os/en/motorsport_articles_445/1b385d97de9c2e5a3f2549460ab9df9f,2026-03-07 17:30:03+00:00,Apple OR AAPL
,Slickdeals.net,phoinix,Ultraseven: The Complete Series (Blu-ray) $11.35,"Amazon [amazon.com] has *Ultraseven: The Complete Series *(Blu-ray) for *$11.36*. 
*Shipping is free* with Prime or on $35+ orders. 
 
*Price* 
*$6.13* lower (35% savings) than the *typical* price of...","I bought this title almost 5 years ago for a dollar less. I was drawn to it, not only because I remember watching Ultraman on TV as a kid in the '60s and '70s, but also because of the advertised digi… [+848 chars]",https://slickdeals.net/f/19280901-11-36-ultraseven-the-complete-series-blu-ray-at-amazon,https://slickdeals.net/attachment/1/1/7/1/5/2/7/450x450/19762551.thumb,2026-03-07 17:35:18+00:00,Apple OR AAPL
,Aras-p.info,,Rapidhash Unity port,"Ten years ago I was writing about various non-cryptographic hash functions. Back then xxHash was new (introduced in 2014)! However, quite some things have changed since then. xxHash itself got a new “XXH3” version (2020); “wyhash” appeared (2020+), and eventu…","Ten years ago I was writing about various
non-cryptographic hash functions. Back then
xxHash was new (introduced in 2014)! However, quite some things have changed
since then. xxHash itself got a n… [+2064 chars]",https://aras-p.info/blog/2026/03/07/Rapidhash-Unity-port/,,2026-03-07 17:42:10+00:00,Apple OR AAPL
,Pypi.org,,libui 0.2.1,Python bindings for libui-ng,"Native GUI toolkit for Python. Lightweight bindings for libui-ng real native widgets on Linux (GTK+3), macOS (Cocoa), and Windows (Win32).
No electron. No web views. Just native controls.
Features… [+25087 chars]",https://pypi.org/project/libui/,https://pypi.org/static/images/twitter.abaf4b19.webp,2026-03-07 17:54:06+00:00,Apple OR AAPL
,redmondpie.com,Oliver Haslam,Upgrade Your Workspace With An Electric Standing Desk For $94.99 Only,"Sitting at your desk all day isn't great for your back or your health, and that's why standing desks have become so popular in recent years. If you're yet to make the switch, now is the perfect time to do just that while you can pick up this standing desk and…","Sitting at your desk all day isn’t great for your back or your health, and that’s why standing desks have become so popular in recent years. If you’re yet to make the switch, now is the perfect time … [+1238 chars]",https://www.redmondpie.com/upgrade-your-workspace-with-an-electric-standing-desk-for-94.99-only/,https://cdn.redmondpie.com/wp-content/uploads/2026/03/Electric-standing-desk-1.jpg,2026-03-07 18:06:09+00:00,Apple OR AAPL
,Alltoc.com,AllToc,What does Apple’s MacBook Neo mean? #lifestyle,"A Lower Price Point, and a New Entry Tier for Apple Apple’s newest laptop marks a deliberate push into a more affordable segment of the laptop market. By introducing a model positioned below the company’s traditional MacBook Air and Pro tiers, the company is …","Apples newest laptop marks a deliberate push into a more affordable segment of the laptop market. By introducing a model positioned below the companys traditional MacBook Air and Pro tiers, the compa… [+1720 chars]",https://alltoc.com/lifestyle/what-does-apples-macbook-neo-mean,https://alltoc.com/cdn/1046/og.png,2026-03-07 18:06:25+00:00,Apple OR AAPL
,Bringatrailer.com,bringatrailer,38k-Mile 2020 Mercedes-AMG E53 4MATIC Sedan,"This 2020 Mercedes-AMG E53 sedan has 38k miles and was optioned with the AMG Night, Exterior Lighting, Driver Assistance, and Parking Assistance packages as well as a panoramic roof and heated and ventilated front seats. The black-over-black vehicle is powere…","This 2020 Mercedes-AMG E53 sedan has 38k miles and was optioned with the AMG Night, Exterior Lighting, Driver Assistance, and Parking Assistance packages as well as a panoramic roof and heated and ve… [+3197 chars]",https://bringatrailer.com/listing/2020-mercedes-amg-e53-sedan-2/,https://bringatrailer.com/wp-content/uploads/2026/02/2020_mercedes-amg_e53-sedan_img_8743-55114.jpg,2026-03-07 18:10:13+00:00,Apple OR AAPL
,redmondpie.com,Oliver Haslam,Upgrade Your Home With Wi-Fi 7 Speeds With $140 Off The TP-Link Deco 7 Pro Mesh System,"You can never have too much speed when it comes to your home Wi-Fi network, and this deal gets you a Wi-Fi 7 upgrade at a discount. This TP-Link BE63 Deco 7 Pro system comes with three access points and would normally set you back around $500. But act fast, a…","You can never have too much speed when it comes to your home Wi-Fi network, and this deal gets you a Wi-Fi 7 upgrade at a discount. This TP-Link BE63 Deco 7 Pro system comes with three access points … [+1250 chars]",https://www.redmondpie.com/upgrade-your-home-with-wi-fi-7-speeds-with-140-off-the-tp-link-deco-7-pro-mesh-system/,https://cdn.redmondpie.com/wp-content/uploads/2026/03/Discounted-Deco-7-Pro.jpg,2026-03-07 18:12:44+00:00,Apple OR AAPL
,Wccftech,Rohail Saleem,Apple Just Doubled Its Mac-Related TAM With The MacBook Neo Even As Split Opinion Persists,"With one fell swoop, Apple seems to have opened for itself a market opportunity of at least 50 million units by launching the MacBook Neo even as most sales projection argue for a healthy but modest take-up rate, hampered by the budget device's copious compro…","With one fell swoop, Apple seems to have opened for itself a market opportunity of at least 50 million units by launching the MacBook Neo even as most sales projection argue for a healthy but modest … [+2009 chars]",https://wccftech.com/apple-just-doubled-its-mac-related-tam-with-the-macbook-neo-even-as-split-opinion-persists/,https://cdn.wccftech.com/wp-content/uploads/2026/03/Apple-MacBook-Neo-1-1920x1279.jpg,2026-03-07 18:14:08+00:00,Apple OR AAPL
,redmondpie.com,Oliver Haslam,Early iPhone 17e Benchmarks Show What Performance Buyers Can Expect,"Apple’s new MacBook Neo brings a fresh name to the lineup. Here’s why Apple chose the “Neo” branding and what it signals for the future of the MacBook family.
The post Early iPhone 17e Benchmarks Show What Performance Buyers Can Expect first appeared on Redmo…","Apple’s new iPhone 17e was announced earlier this week and officially goes on sale on March 11. But reviewers are already testing the device, and that means that some Geekbench scores have appeared o… [+1456 chars]",https://www.redmondpie.com/early-iphone-17e-benchmarks-show-what-performance-buyers-can-expect/,https://cdn.redmondpie.com/wp-content/uploads/2026/03/image_2026-03-02_221449605.png,2026-03-07 18:20:00+00:00,Apple OR AAPL
,Sporting News,Cate Schiller,"Where to watch F1 for free: Live stream, TV channel, start time for 2026 Australian Grand Prix","Here's how to watch the 2026 Australian Grand Prix, including TV channel and streaming options for the Formula 1 race.","Where to watch F1 for free: Live stream, TV channel, start time for 2026 Australian Grand Prix originally appeared on The Sporting News. Add The Sporting News as a Preferred Source by clicking here.… [+2711 chars]",https://www.sportingnews.com/us/formula-1/news/watch-f1-free-live-stream-tv-channel-time-australian-grand-prix/51783199316662b34cfdf1f1,https://s.yimg.com/os/en/the_sporting_news_articles_584/705b40f275a2a31aece6da203a913bf0,2026-03-07 18:24:18+00:00,Apple OR AAPL
,PhoneArena,Abdullah Asim,The Galaxy S26 Ultra’s privacy display has problems,"The privacy display on the Galaxy S26 Ultra is the first of its kind. Unfortunately, that means it also comes with problems that no one might have anticipated.","With the Galaxy S26 Ultra, Samsung has made the worlds first ever smartphone with a built-in privacy display. Were not talking about just some software trickery or a pre-applied screen protector of s… [+4526 chars]",https://www.phonearena.com/news/samsung-galaxy-s26-ultra-privacy-display-has-problems_id178748,https://m-cdn.phonearena.com/images/article/178748-wide-two_1200/The-Galaxy-S26-Ultras-privacy-display-has-problems.jpg,2026-03-07 18:28:02+00:00,Apple OR AAPL
,Notebookcheck.net,Sambit Saha,"MacBook Neo does not have any design compromises, says Apple","An Apple VP has claimed in a recent interview that the MacBook Neo does not feature any design compromises, which definitely appears to be an honest take. The Neo has many compromises, but its design and build quality are unlikely to draw any major complaints.","If the MacBook Neo were to be described with just one word, it would like be ""compromise"". However, Apple executives see the product very differently, confidently stating that they did not make any c… [+1883 chars]",https://www.notebookcheck.net/MacBook-Neo-does-not-have-any-design-compromises-says-Apple.1244923.0.html,https://www.notebookcheck.net/fileadmin/Notebooks/News/_nc5/apple_macbook_neo_compromises.jpg,2026-03-07 18:31:00+00:00,Apple OR AAPL
,Notebookcheck.net,Sambit Saha,"Apple M5 Max and M5 Pro appear on Geekbench AI, sporting 20% higher scores compared to predecessors","Real-world benchmarks for Apple's M5 Max and Pro SoCs have started appearing, and the results sure do look promising. Interestingly, the improvements indicated by Geekbench AI are rather disappointing, likely due to lack of optimization.","Apple's M5 Pro and Max debuted just a few days ago, and early benchmarks have already started seeping in. The chips clearly demonstrate promising GPU and CPU performance improvements over its predece… [+2220 chars]",https://www.notebookcheck.net/Apple-M5-Max-and-M5-Pro-appear-on-Geekbench-AI-sporting-20-higher-scores-compared-to-predecessors.1244786.0.html,https://www.notebookcheck.net/fileadmin/Notebooks/News/_nc5/apple_m5_max_m5_pro_geekbench_ai.jpg,2026-03-07 18:31:00+00:00,Apple OR AAPL
,Bringatrailer.com,bringatrailer,145-Mile 2021 Chevrolet Corvette Stingray Stingray 3LT Z51 Coupe,"This 2021 Chevrolet Corvette Stingray coupe is powered by a mid-mounted 6.2-liter V8 linked with an eight-speed dual-clutch automatic transaxle and a limited-slip differential. Finished in Silver Flare Metallic over Sky Cool Gray leather, the car is equipped …",This 2021 Chevrolet Corvette Stingray coupe is powered by a mid-mounted 6.2-liter V8 linked with an eight-speed dual-clutch automatic transaxle and a limited-slip differential. Finished in Silver Fla… [+3085 chars],https://bringatrailer.com/listing/2021-chevrolet-corvette-stingray-coupe-72/,https://bringatrailer.com/wp-content/uploads/2026/03/2021_chevrolet_corvette-stingray-coupe_img_9728-34530.jpg,2026-03-07 18:35:07+00:00,Apple OR AAPL
,Bringatrailer.com,bringatrailer,28k-Mile 2018 Ram 3500 Laramie Mega Cab Cummins Dually 4×4 6-Speed,"This 2018 Ram 3500 Laramie is a Mega Cab dually 4×4 pickup that is powered by a 6.7-liter Cummins turbodiesel inline-six linked with a six-speed manual transmission, a dual-range transfer case, and a limited-slip rear differential. Finished in True Blue Pearl…","This 2018 Ram 3500 Laramie is a Mega Cab dually 4×4 pickup that is powered by a 6.7-liter Cummins turbodiesel inline-six linked with a six-speed manual transmission, a dual-range transfer case, and a… [+2290 chars]",https://bringatrailer.com/listing/2018-ram-3500-4/,https://bringatrailer.com/wp-content/uploads/2026/03/2018_ram_3500_img_0095-7-34822.jpg,2026-03-07 18:40:10+00:00,Apple OR AAPL
breitbart-news,Breitbart News,Breitbart TV,"Emma-Jo Morris: James Talarico a Woke Religious 'Frankenstein,' Appeals to People 'Ashamed' of Christian Background","Friday on “The Alex Marlow Show,” Emma-Jo Morris talked about the Senate. Morris said, “I can definitely see how that’s a thing where you have people who do connect with religious culture and church culture, but are from a different
The post Emma-Jo Morris: J…","Friday on “The Alex Marlow Show,” Emma-Jo Morris talked about the Senate.
Morris said, “I can definitely see how that’s a thing where you have people who do connect with religious culture and church… [+760 chars]",https://www.breitbart.com/clips/2026/03/07/emma-jo-morris-james-talarico-a-woke-religious-frankenstein-appeals-to-people-ashamed-of-christian-background/,https://media.breitbart.com/media/2026/03/Crockett-and-Talarico-640x335.jpeg,2026-03-07 18:40:20+00:00,Apple OR AAPL
breitbart-news,Breitbart News,Breitbart TV,Emma Jo Morris: 'Primary Interest' of Iran War Is Putting Pressure on China,"Friday on “The Alex Marlow Show,” Emma-Jo Morris talked about Iran. Morris said, “That is very tormenting psychologically and emotionally to the CCP…that is kind of to me the primary interest.” The Alex Marlow Show, hosted by Breitbart Editor-in-Chief Alex
Th…","Friday on “The Alex Marlow Show,” Emma-Jo Morris talked about Iran.
Morris said, “That is very tormenting psychologically and emotionally to the CCP…that is kind of to me the primary interest.”
The… [+513 chars]",https://www.breitbart.com/clips/2026/03/07/emma-jo-morris-primary-interest-of-iran-war-is-putting-pressure-on-china/,https://media.breitbart.com/media/2026/03/36-Thumbnail-640x335.jpg,2026-03-07 18:40:21+00:00,Apple OR AAPL
,GSMArena.com,Michail,Huawei FreeBuds Pro 5 review,"Much like flagship smartphones, flagship wireless earbuds have reached a plateau. Refinement is the name of the game in the premium TWS market, with new models focusing on improved audio tuning, better noise cancellation and squeezing an additional hour or tw…","Much like flagship smartphones, flagship wireless earbuds have reached a plateau. Refinement is the name of the game in the premium TWS market, with new models focusing on improved audio tuning, bett… [+11904 chars]",https://www.gsmarena.com/huawei_freebuds_pro_5_review-news-71861.php,https://fdn.gsmarena.com/imgroot/news/26/03/huawei-freebuds-pro-5-review/-952x498w6/gsmarena_000.jpg,2026-03-07 18:47:01+00:00,Apple OR AAPL
breitbart-news,Breitbart News,Breitbart TV,"Marlow: Dems Big Tent Opens Up to Child Sex Offenders, Terrorism Supporters, Furries","Friday on “The Alex Marlow Show,” host and Breitbart Editor-in-Chief Alex Marlow talked about Democrats. Marlow said, “They’re cozying up to the furries and to the trans and to the pro-terrorists and the people who hate this country and also to
The post Marlo…","Friday on “The Alex Marlow Show,” host and Breitbart Editor-in-Chief Alex Marlow talked about Democrats.
Marlow said, “They’re cozying up to the furries and to the trans and to the pro-terrorists an… [+590 chars]",https://www.breitbart.com/clips/2026/03/07/marlow-dems-big-tent-opens-up-to-child-sex-offenders-terrorism-supporters-furries/,https://media.breitbart.com/media/2026/03/Screenshot-2026-03-07-140855-640x335.jpg,2026-03-07 19:12:57+00:00,Apple OR AAPL
breitbart-news,Breitbart News,Breitbart TV,"Marlow on Trump Iran Strategy: It's 'Art of the Deal,' He'll Never Take Anything Off Table'","Friday on “The Alex Marlow Show,” host and Breitbart Editor-in-Chief Alex Marlow talked about Iran. Marlow said, “He does not take stuff off the table. This is how it’s always been. He does not take things off the table. So, he’s not
The post Marlow on Trump …","Friday on “The Alex Marlow Show,” host and Breitbart Editor-in-Chief Alex Marlow talked about Iran.
Marlow said, “He does not take stuff off the table. This is how it’s always been. He does not take… [+609 chars]",https://www.breitbart.com/clips/2026/03/07/marlow-on-trump-iran-strategy-its-art-of-the-deal-hell-never-take-anything-off-table/,https://media.breitbart.com/media/2026/02/Feb11-2026-Donald-Trump_POTUS-wh-flickr-640x335.jpg,2026-03-07 19:12:59+00:00,Apple OR AAPL
,Yahoo Entertainment,,Magnificent 7 News: Microsoft Rebounds While Apple and Alphabet Fall This Week,,"If you click 'Accept all', we and our partners, including 246 who are part of the IAB Transparency &amp; Consent Framework, will also store and / or access information on a device (in other words, us… [+1046 chars]",https://consent.yahoo.com/v2/collectConsent?sessionId=1_cc-session_f3e86765-4c5c-4acc-8ead-f479d50814a1,,2026-03-07 19:13:58+00:00,Apple OR AAPL
,BGR,staff@bgr.com (Chris Smith),Why There's Simply No Need For Disc Drives Anymore,A hardware feature that used to be standard on computers and consoles has quietly disappeared. Several practical shifts explain why it stopped mattering.,"If you were to buy a new laptop, you'd have a hard time finding one with a built-in disc drive that can read CDs, DVDs, or Blu-ray discs. That's been the case for years, with Apple famously starting … [+1480 chars]",https://www.bgr.com/2114677/why-no-one-needs-discs-drives-anymore/,https://www.bgr.com/img/gallery/why-theres-simply-no-need-for-disc-drives-anymore/l-intro-1772556796.jpg,2026-03-07 19:17:00+00:00,Apple OR AAPL
,Page Six,BreAnna Bell,Pink abruptly cancels two major tour dates after denying marriage split rumors in bizarre video,Pink denied rumors that she and Hart were splitting with a social media statement in February.,"Pink abruptly canceled two of her Mexico City shows, scheduled to take place on April 26 and 27, for reasons “beyond the control of the artist.”
“PINK IMPORTANT NOTICE,” promoter Ocesa wrote in a st… [+3085 chars]",https://pagesix.com/2026/03/07/entertainment/pink-abruptly-cancels-two-major-tour-dates-after-denying-marriage-split-rumors-in-bizarre-video/,https://pagesix.com/wp-content/uploads/sites/3/2026/03/122991871.jpg?quality=75&strip=all&w=1200,2026-03-07 19:17:20+00:00,Apple OR AAPL
,Screen Rant,"Grant Hermanns, Liam Crowley",Why Ted Lasso Season 4 Exists Despite Original Season 3 Plan Explained By Creator Bill Lawrence,"Exclusive: Creator Bill Lawrence opens up about why Ted Lasso season 4 is finally happening, despite the Apple TV comedy's original three-season plan.","After keeping audiences waiting for years, Ted Lassois about to return for season 4, flipping its original three-season plan on its head.
With season 3 of the Apple TV comedy ending with Jason Sudei… [+5107 chars]",https://screenrant.com/ted-lasso-season-4-creation-original-season-3-plan-explained-bill-lawrence/,https://static0.srcdn.com/wordpress/wp-content/uploads/2026/03/tanya-reynolds-looking-doubtfully-next-to-jason-sudeikis-ted-pointing-while-smiling-on-the-pitch-in-ted-lasso-season-4.jpg?w=1600&h=900&fit=crop,2026-03-07 19:21:31+00:00,Apple OR AAPL
,Pypi.org,,pymobileconfig added to PyPI,Generate Apple mobileconfig configuration profiles,"A required part of this site couldnt load. This may be due to a browser
 extension, network issues, or browser settings. Please check your
 connection, disable any ad blockers, or try using a diffe… [+12 chars]",https://pypi.org/project/pymobileconfig/,,2026-03-07 19:33:09+00:00,Apple OR AAPL
,Github.com,pnaame,Show HN: Ytm-player – A cross-platform TUI+CLI YouTube Music player in Python,"Article URL: https://github.com/peternaame-boop/ytm-player
Comments URL: https://news.ycombinator.com/item?id=47290732
Points: 3
# Comments: 0","A full-featured YouTube Music player for the terminal. Browse your library, search, queue tracks, and control playback all from a TUI with vim-style keybindings. Runs on Linux, macOS, and Windows.
<… [+30036 chars]",https://github.com/peternaame-boop/ytm-player,https://opengraph.githubassets.com/494662d7a0602937ef66511bfb56be6be83a9805133560aed46a356567a8a372/peternaame-boop/ytm-player,2026-03-07 19:34:53+00:00,Apple OR AAPL
fox-news,Fox News,,Be aware of extortion scam emails claiming your data is stolen,"Bitcoin extortion emails claiming hackers stole your information are hitting thousands of inboxes daily, and experts are warning users of the signs.","You open your inbox and see a message that instantly makes your stomach drop. Someone claims they have your passwords, your files, your credit card details and your entire digital life. They say they… [+7130 chars]",https://www.foxnews.com/tech/aware-extortion-scam-emails-claiming-your-data-stolen,https://static.foxnews.com/foxnews.com/content/uploads/2023/09/1-HACKER-AT-COMPUTER.jpg,2026-03-07 19:40:18+00:00,Apple OR AAPL
,Rlsbb.to,Ash,Photomator 3.4.13,"Photomator is a powerful yet easy-to-use photo editor with over 5,000 five-star ratings. Photomator is a photo editing powerhouse, offering incredible tools for enhancing, retouching, and managing your photos. It includes an extensive collection of cutting-ed…","Photomator is a powerful yet easy-to-use photo editor with over 5,000 five-star ratings. 
Photomator is a photo editing powerhouse, offering incredible tools for enhancing, retouching, and managing … [+3969 chars]",https://post.rlsbb.to/photomator-3-4-13/,,2026-03-07 19:44:58+00:00,Apple OR AAPL
,Rlsbb.to,Ash,eMail Address Extractor 6.1.3,"eMail Address Extractor allows you to extract valid email addresses from virtually any kind of text file. No configuration required, it just works! Easily extract addresses from websites, your entire Apple Mail database, selected Mail.app folders, iWork proje…","eMail Address Extractor allows you to extract valid email addresses from virtually any kind of text file. No configuration required, it just works! 
Easily extract addresses from websites, your enti… [+1305 chars]",https://post.rlsbb.to/email-address-extractor-6-1-3/,,2026-03-07 19:48:02+00:00,Apple OR AAPL
,Slashdot.org,feedfeeder,Alphabet: Apple AI Deal Is The Biggest Blind Spot - Seeking Alpha,"Alphabet: Apple AI Deal Is The Biggest Blind SpotSeeking Alpha Alphabet (GOOG) Doubled by the End of the Year. Here’s HowYahoo Finance Is Alphabet Stock Going to $1,000?The Motley Fool Is Google Stock Still Cheap or Is It Time to Let Go?Nasdaq Why the Charts …",The Fine Print: The following comments are owned by whoever posted them. We are not responsible for them in any way.,https://slashdot.org/firehose.pl?op=view&amp;id=180925092,,2026-03-07 19:52:42+00:00,Apple OR AAPL
,9to5Mac,Michael Burkhardt,"Apple still has over a dozen products in the pipeline for 2026, here’s what’s coming","Apple just wrapped up a very exciting week of announcements – starting off with iPhone 17e, and ending with MacBook Neo. While we did get 7 new products this week, theres still a fair bit in the pipeline for the near future. We’ll be delving into those.



 m…","Apple just wrapped up a very exciting week of announcements – starting off with iPhone 17e, and ending with MacBook Neo. While we did get 7 new products this week, theres still a fair bit in the pipe… [+3214 chars]",https://9to5mac.com/2026/03/07/apple-products-in-the-pipeline-for-2026-after-macbook-neo-launch/,https://i0.wp.com/9to5mac.com/wp-content/uploads/sites/6/2024/10/tim-cook-apple-park-rainbow-bg.jpeg?resize=1200%2C628&quality=82&strip=all&ssl=1,2026-03-07 19:53:10+00:00,Apple OR AAPL
,Pypi.org,,pymobileconfig 0.1.0,Generate Apple mobileconfig configuration profiles,"A required part of this site couldnt load. This may be due to a browser
 extension, network issues, or browser settings. Please check your
 connection, disable any ad blockers, or try using a diffe… [+12 chars]",https://pypi.org/project/pymobileconfig/0.1.0/,,2026-03-07 19:58:50+00:00,Apple OR AAPL
,Techdirt,Leigh Beadon,This Week In Techdirt History: March 1st – 7th,"Five Years Ago This week in 2021, while AT&T was apparently committed to being comically hypocritical about Section 230, Utah was prematurely trying to dance on 230’s grave with a new and extremely horrible “free speech” bill that was a disaster in the making…","from the so-it-went dept
Five Years Ago
This week in 2021, while AT&amp;T was apparently committed to being comically hypocritical about Section 230, Utah was prematurely trying to dance on 230’s g… [+2219 chars]",https://www.techdirt.com/2026/03/07/this-week-in-techdirt-history-march-1st-7th/,https://www.techdirt.com/wp-content/themes/techdirt/assets/images/td-rect-logo-white.png,2026-03-07 20:00:00+00:00,Apple OR AAPL
techradar,TechRadar,Adam Marshall,"UFC 326 live stream: how to watch Holloway vs Oliveira 2, start time, preview, full card",Two legendary lightweights in a rematch 11 years in the making – follow our guide to live stream UFC 326 online and watch Holloway vs Oliveira 2 from anywhere.,UFC 326 live streams feature a headline bout that's been more than a decade in the making. Max Holloway vs Charles Oliveira 2 is rematch from 2015 and the pair finally go head-to-head again in the Oc… [+6579 chars],https://www.techradar.com/how-to-watch/sport/ufc-326-holloway-vs-oliveira-2,https://cdn.mos.cms.futurecdn.net/db26HWJNtZX7AwUHnb6bJU-1920-80.jpg,2026-03-07 20:00:00+00:00,Apple OR AAPL
,Bringatrailer.com,bringatrailer,2024 INEOS Grenadier,"This 2024 INEOS is a Rough Pack-equipped Grenadier that has 4,400 miles and has been fitted with a Kammock shade, Rhino Rack cross bars, recovery boards, Signature Autosports metal headlight panels, and Bison Gear side steps mounted to the rock sliders. It is…","This 2024 INEOS is a Rough Pack-equipped Grenadier that has 4,400 miles and has been fitted with a Kammock shade, Rhino Rack cross bars, recovery boards, Signature Autosports metal headlight panels, … [+2934 chars]",https://bringatrailer.com/listing/2024-ineos-grenadier-45/,https://bringatrailer.com/wp-content/uploads/2025/12/2024_ineos_grenadier_img_2165-37142.jpeg,2026-03-07 20:00:11+00:00,Apple OR AAPL
,CNET,Adrian Marlow,Forget the Specs. Which MacBook Neo Color Is Best? CNET Weighs In,"Apple's MacBook Neo comes in four shades, and our CNET crew throws shade on all of them.","Apple announced a ton of new tech this week, from the iPhone 17E to speedy new MacBook Pro models with M5 Pro and M5 Max chips. By far, the affordable MacBook Neo is making the biggest splash. The 25… [+3088 chars]",https://www.cnet.com/tech/computing/cnet-judges-macbook-neo-colors/,https://www.cnet.com/a/img/resize/e77c0ae10cdbbdbea7be84c33505bb318b4dacc6/hub/2026/03/06/a7766c3c-d032-4ed9-a2ae-e71a7fe446a7/apple-macbook-neo.png?auto=webp&fit=crop&height=675&width=1200,2026-03-07 20:02:00+00:00,Apple OR AAPL
,Pypi.org,yurimoraxo@gmail.com,aneclaw added to PyPI,"ANE-native AI agent for Apple Silicon. 100% local, 3W, zero cloud.","A required part of this site couldnt load. This may be due to a browser
 extension, network issues, or browser settings. Please check your
 connection, disable any ad blockers, or try using a diffe… [+12 chars]",https://pypi.org/project/aneclaw/,,2026-03-07 20:24:50+00:00,Apple OR AAPL
,Pypi.org,yurimoraxo@gmail.com,aneclaw 0.0.1,"ANE-native AI agent for Apple Silicon. 100% local, 3W, zero cloud.","A required part of this site couldnt load. This may be due to a browser
 extension, network issues, or browser settings. Please check your
 connection, disable any ad blockers, or try using a diffe… [+12 chars]",https://pypi.org/project/aneclaw/0.0.1/,,2026-03-07 20:24:50+00:00,Apple OR AAPL
,9to5Mac,Michael Burkhardt,Indie App Spotlight: ‘Weather mini’ packs trip forecasts and more in a beautiful design,"Welcome to Indie App Spotlight. This is a weekly 9to5Mac series where we showcase the latest apps in the indie app world. If you’re a developer and would like your app featured, get in contact.







Weather mini is a nicely designed weather app for the enti…","Welcome to Indie App Spotlight. This is a weekly 9to5Mac series where we showcase the latest apps in the indie app world. If youre a developer and would like your app featured, get in contact.
Weath… [+1748 chars]",https://9to5mac.com/2026/03/07/indie-app-spotlight-weather-mini-packs-trip-forecasts-and-more-in-a-beautiful-design/,https://i0.wp.com/9to5mac.com/wp-content/uploads/sites/6/2026/03/Weather-mini.jpg?resize=1200%2C628&quality=82&strip=all&ssl=1,2026-03-07 20:30:36+00:00,Apple OR AAPL
,WWD,Samantha Conti,"Jenny Packham Fall 2026: Starry, Starry Night","Jenny Packham fall 2026 runway, fashion show & collection review. Packham described the collection as ""clean, crisp"" and inspired by the colors and imagined textures of outer space.","Jenny Packham has teleported her designs from New Mexico and Georgia O’Keeffe’s ranch to the skies above the desert and the light show from the stars at night. 
The designer deliberately stayed away… [+1624 chars]",http://wwd.com/runway/fall-2026/paris/jenny-packham/review/,https://wwd.com/wp-content/uploads/2026/03/jenny-packham-fall-rtw-26-r-ctsy-001.jpeg?crop=0px%2C20px%2C1365px%2C763px&resize=1000%2C563,2026-03-07 20:58:27+00:00,Apple OR AAPL
,TVLine,staff@tvline.com (Ryan Schwartz),"What To Watch This Week: 30+ Premieres, Finales, And More",TVLine offers a look at the week ahead: a handy roundup of new TV premieres and finales to help you plan your viewing for March 8-14.,"SUNDAY, MARCH 8
 3 p.m. ""Harry Styles: One Night in Manchester"" (Netflix)Styles performs his fourth studio album, ""Kiss All the Time. Disco, Occasionally,"" for the first time at The Co-Op in Manches… [+3390 chars]",https://www.tvline.com/2110233/what-to-watch-week-of-march-8-2026/,https://www.tvline.com/img/gallery/what-to-watch-week-of-march-8-2026/l-intro-1772898102.jpg,2026-03-07 21:00:00+00:00,Apple OR AAPL
,Drive.com.au,Tom Fraser,2026 Chery Tiggo 7 Super Hybrid Urban review,"As the country's most affordable plug-in hybrid vehicle, the Chery Tiggo 7 Super Hybrid already has a strong selling point. Is it backed up by good product, though?","Even though it's an entry-level specification, there's plenty to like in the Urban model grade. Features include twin 12.3-inch displays for infotainment and driving information (driver's cluster), a… [+183 chars]",https://www.drive.com.au/reviews/2026-chery-tiggo-7-super-hybrid-urban-review/,"https://media.drive.com.au/obj/tx_q:70,rs:auto:1920:1080:1/driveau/upload/cms/uploads/70a420f5-7aec-5c85-8ad2-24902ad50000",2026-03-07 21:00:00+00:00,Apple OR AAPL
,Worldsoccertalk.com,Leonardo Herrera,How to watch Atlas vs Chivas in the USA: Live Stream and TV for 2026 Liga MX Clausura Tournament,"Atlas receive Chivas during Matchday 10 of the Liga MX Liga MX Clausura 2026 season. Below is all the essential information ahead of this matchup, including kickoff times and complete broadcast coverage for TV and streaming options available in the United Sta…","Here are all of the details of where you can watch Atlas vs Chivas on US television and via legal streaming:
<table><tr><td>WHO</td><td>Atlas vs Chivas</td></tr><tr><td>WHAT</td><td>Liga MX</td></tr… [+2091 chars]",https://worldsoccertalk.com/watch-on-us-tv/how-to-watch-atlas-vs-chivas-in-the-usa-live-stream-and-tv-for-2026-liga-mx-clausura-tournament/,https://media.worldsoccertalk.com/wp-content/uploads/sites/6/2026/03/06203642/Fernando-Gonzalez-1200x740.webp,2026-03-07 21:05:00+00:00,Apple OR AAPL
,Alltoc.com,AllToc,How affordable is Apple’s new MacBook Neo? #lifestyle,"Apple’s move into a true entry‑level laptop Apple has introduced the MacBook Neo as a deliberately lower‑priced laptop aimed at buyers who previously found the company’s notebooks out of reach. Priced at $599 in the reporting, the Neo marks a clear shift: App…","Apple has introduced the MacBook Neo as a deliberately lowerpriced laptop aimed at buyers who previously found the companys notebooks out of reach. Priced at $599 in the reporting, the Neo marks a cl… [+1467 chars]",https://alltoc.com/lifestyle/how-affordable-is-apples-new-macbook-neo,https://alltoc.com/cdn/1046/og.png,2026-03-07 21:08:00+00:00,Apple OR AAPL
the-times-of-india,The Times of India,TNN,US deal likely to be worked out in 3-4 months: Officials,"India is poised to finalize trade deals with the US within months, pending clarity on American tariff strategies. New Delhi remains committed, aiming for favorable terms for its farmers, including market access for mangoes without reciprocal farm product comm…",EMI CalculatorDetermine the monthly installment amount for a loan,https://timesofindia.indiatimes.com/business/india-business/us-deal-likely-to-be-worked-out-in-3-4-months-officials/articleshow/129235594.cms,"https://static.toiimg.com/thumb/msid-129235715,width-1280,height-720,imgsize-56366,resizemode-6,overlay-toi_sw,pt-32,y_pad-600/photo.jpg",2026-03-07 21:10:07+00:00,Apple OR AAPL
,GSMArena.com,Peter,"Weekly deals: iPhone 17e, new iPad Air, MacBook Neo, plus new MacBook Air and Pro","This can’t be a coincidence – Apple picked the week of the MWC to drop a number of major announcements. And since most of the developments from the MWC are unlikely to come to the US, let’s look at what Apple has to offer.

The new iPhone 17e fixes several ma…","This cant be a coincidence Apple picked the week of the MWC to drop a number of major announcements. And since most of the developments from the MWC are unlikely to come to the US, lets look at what … [+4185 chars]",https://www.gsmarena.com/weekly_deals_iphone_17e_new_ipad_air_macbook_neo_plus_new_macbook_air_and_pro-news-71842.php,https://fdn.gsmarena.com/imgroot/news/26/03/weekly-deals-6/-952x498w6/gsmarena_us.jpg,2026-03-07 21:22:02+00:00,Apple OR AAPL
,MacRumors,Joe Rossignol,Apple's Strange MacBook Neo TikTok Videos Capturing Gen Z's Attention,"Apple is promoting the MacBook Neo with a series of intentionally strange TikTok videos that are successfully capturing Gen Z's attention.





Since Thursday, Apple has been posting the videos in sets of three, with each video corresponding to one of the Mac…","Apple is promoting the MacBook Neo with a series of intentionally strange TikTok videos that are successfully capturing Gen Z's attention.
Since Thursday, Apple has been posting the videos in sets o… [+1468 chars]",https://www.macrumors.com/2026/03/07/apple-posting-strange-tiktok-videos/,https://images.macrumors.com/t/tZGA9szrHVyrjFBzKCdb5uqCqrY=/1600x/article-new/2026/03/Apple-Lemon-Lime-MacBook-Neo-TikTok.jpg,2026-03-07 21:47:32+00:00,Apple OR AAPL
,Slashdot.org,Ecuador,"Does Apple's M5 Max Really ""Destroy"" a 96-Core Threadripper?","Tom's Hardware currently has a front-page article making some wild claims about the 18-core Apple M5 Max versus a 96-core Ryzen Threadripper.Reading the article, the comparison is based largely on Geekbench 6 multi-core scores. The author briefly mentions tha…","Tom's Hardware currently has a front-page article making some wild claims about the 18-core Apple M5 Max versus a 96-core Ryzen Threadripper.Reading the article, the comparison is based largely on Ge… [+709 chars]",https://slashdot.org/submission/17345398/does-apples-m5-max-really-destroy-a-96-core-threadripper,,2026-03-07 22:00:04+00:00,Apple OR AAPL
,Pypi.org,crh184@psu.edu,sgnl-cpu-interp added to PyPI,Fast polyphase resampling with multi-architecture SIMD support,"Fast polyphase resampling for multichannel data with multi-architecture SIMD support.
Features
<ul><li>Multi-Architecture SIMD: Automatic runtime CPU detection with optimized kernels for:
<ul><li>… [+8131 chars]",https://pypi.org/project/sgnl-cpu-interp/,https://pypi.org/static/images/twitter.abaf4b19.webp,2026-03-07 22:17:40+00:00,Apple OR AAPL
the-next-web,The Next Web,Ana-Maria Stanciuc,OpenAI’s robotics chief quits over the Pentagon deal,"Caitlin Kalinowski spent 16 months building OpenAI’s physical AI programme. On Saturday, she said the company moved too fast on something too important. The week that began with Anthropic being blacklisted by the Pentagon and ended with OpenAI taking its cont…","Caitlin Kalinowski spent 16 months building OpenAIs physical AI programme. On Saturday, she said the company moved too fast on something too important.
The week that began with Anthropic being black… [+5487 chars]",https://thenextweb.com/news/openais-robotics-chief-quits-over-the-pentagon-deal,https://img-cdn.tnwcdn.com/image/tnw-blurple?filter_last=1&fit=1280%2C640&url=https%3A%2F%2Fcdn0.tnwcdn.com%2Fwp-content%2Fblogs.dir%2F1%2Ffiles%2F2026%2F03%2FOpenAIs-robotics-chief-quits-over-the-Pentagon-deal.png&signature=6ce35d21e14a6c74646583c77c83d34b,2026-03-07 22:19:18+00:00,Apple OR AAPL
,512pixels.net,Stephen Hackett,What’s in a (Super) Name,"In the midst of the whirlwind of news this week, Apple renamed its CPU cores. At Six Colors, Jason Snell has the details: Here’s what happened: Apple renamed its most powerful CPU cores, which had previously been called performance cores. As of the M5 Pro and…","<li>Apple renamed its most powerful CPU cores, which had previously been called performance cores. As of the M5 Pro and Max, those cores are now called super cores.
</li><li>Surprise! Since those co… [+862 chars]",https://512pixels.net/2026/03/whats-in-a-super-name/,https://512pixels.net/wp-content/uploads/2026/03/M5-pro-max-scaled.jpg,2026-03-07 22:22:48+00:00,Apple OR AAPL
,Pypi.org,,trio-core added to PyPI,"Local VLM inference engine for video — Apple Silicon, NVIDIA, and CPU","A required part of this site couldnt load. This may be due to a browser
 extension, network issues, or browser settings. Please check your
 connection, disable any ad blockers, or try using a diffe… [+12 chars]",https://pypi.org/project/trio-core/,,2026-03-07 22:28:07+00:00,Apple OR AAPL
,Pypi.org,,trio-core 0.3.0,"Local VLM inference engine for video — Apple Silicon, NVIDIA, and CPU","A required part of this site couldnt load. This may be due to a browser
 extension, network issues, or browser settings. Please check your
 connection, disable any ad blockers, or try using a diffe… [+12 chars]",https://pypi.org/project/trio-core/0.3.0/,,2026-03-07 22:28:07+00:00,Apple OR AAPL
,Github.com,jdanielnd,Show HN: CRM-CLI – A local-first personal CRM for the terminal with MCP server,"Article URL: https://github.com/jdanielnd/crm-cli
Comments URL: https://news.ycombinator.com/item?id=47292114
Points: 1
# Comments: 1","A local-first personal CRM that lives in your terminal. Manage contacts, organizations, interactions, deals, and tasks all from the command line. Ships with a built-in MCP server so AI agents like Cl… [+8246 chars]",https://github.com/jdanielnd/crm-cli,https://opengraph.githubassets.com/733aabc7c1b3d5af01a7c17c8e7eb5e01f4e17671785c568fdd8b28e49599d38/jdanielnd/crm-cli,2026-03-07 22:32:45+00:00,Apple OR AAPL
,Wccftech,Seth Johnson,AirPods 4 With ANC Drop to $119 on Amazon (34% Off),"Get AirPods 4 with Active Noise Cancellation for $119 on Amazon, saving $60 off the $179 list price, the lowest in 90 days","The AirPods 4 with Active Noise Cancellation just hit $119 on Amazon. That's $60 off the $179 list price, a 34% discount, and the lowest we've tracked in our 90-day price window.
This is the higher-… [+2301 chars]",https://wccftech.com/airpods-4-with-anc-drop-to-119-on-amazon-34-off/,https://cdn.wccftech.com/wp-content/uploads/2026/03/AirPods-4-Deal-Wccftech-1920x1072.jpg,2026-03-07 22:38:17+00:00,Apple OR AAPL
,Notebookcheck.net,Andreas Osthoff,Apple's entry-level M5 SoC in the MacBook Air 13 only consumes 7-8 Watts in games like Cyberpunk 2077 or Baldur's Gate 3,"Apple's new MacBook Air with the small M5 SoC is extremely efficient while gaming. During our tests, we recorded a SoC consumption of just 7-8 Watts, which means the gaming performance is also rock solid despite the passive cooling solution.","We just reviewed the new Apple MacBook Air 13 in the base configuration with the M5 SoC. Contrary to the 15-inch model of the MacBook Air or the MacBook Pro 14 M5, the base model of the Air 13 is equ… [+1052 chars]",https://www.notebookcheck.net/Apple-s-entry-level-M5-SoC-in-the-MacBook-Air-13-only-consumes-7-8-Watts-in-games-like-Cyberpunk-2077-or-Baldur-s-Gate-3.1244916.0.html,https://www.notebookcheck.net/fileadmin/Notebooks/Apple/MacBook_Pro_14_2025_M5/Apple-M5-hero-transparent-background.png,2026-03-07 22:49:00+00:00,Apple OR AAPL
,Bavarian Football Works,CSmith1919,Report: Manuel Neuer will let body determine Bayern Munich future,Will the FC Bayern star return?,"According to a report from Kicker journalist Georg Holzner (as captured by @iMiaSanMia), Bayern Munich goalkeeper Manuel Neuer is going to let his body make the decision on whether or not he plays ne… [+1706 chars]",https://www.bavarianfootballworks.com/bayern-munich-injuries/175190/report-manuel-neuer-will-led-body-determine-bayern-munich-future,https://s.yimg.com/ny/api/res/1.2/ir2efCvUOsKMZjusq_c9kA--/YXBwaWQ9aGlnaGxhbmRlcjt3PTEyMDA7aD04MDA7Y2Y9d2VicA--/https://media.zenfs.com/en/sb_nation_articles_115/c76e03cac38f88decfa59c633f1dfad6,2026-03-07 23:00:00+00:00,Apple OR AAPL
,BGR,staff@bgr.com (Christine Persaud),Your Pets Will Thank You For These 4 Gadgets From Costco,"Costco has a lot of great pet items that you can use, including a self-cleaning litter box that monitors your pet's waste and a dog collar that tracks your pet.","If you're concerned about your dog running off, a smart dog collar like the Fi Series 3+ Smart Dog Collar is a good choice. While it can't tell you what your dog is thinking, it does provide live GPS… [+1180 chars]",https://www.bgr.com/2114655/best-costco-gadgets-for-pets/,https://www.bgr.com/img/gallery/your-pets-will-thank-you-for-these-4-gadgets-from-costco/l-intro-1772555700.jpg,2026-03-07 23:17:00+00:00,Apple OR AAPL
,MacRumors,Joe Rossignol,Apple Adds Three Executives to Leadership Page,"Apple on Friday added three new executive profiles to its leadership page for Jennifer Newstead, Molly Anderson, and Steve Lemay.





<ul><li>Jennifer Newstead, Senior Vice President and General Counsel: Newstead is Apple's top lawyer, overseeing all legal m…","Apple on Friday added three new executive profiles to its leadership page for Jennifer Newstead, Molly Anderson, and Steve Lemay.
<ul><li>Jennifer Newstead, Senior Vice President and General Counsel… [+1241 chars]",https://www.macrumors.com/2026/03/07/apple-adds-three-executives-to-leadership-page/,https://images.macrumors.com/t/6xrvEOM_TcerNOi3ln5u4hht7Zc=/1800x/article-new/2026/01/wwdc-sans-text-feature.jpg,2026-03-07 23:17:33+00:00,Apple OR AAPL
cbs-news,CBS News,Faris  Tanyos,"Trump says he believes bombing of Iranian girls' school was ""done by Iran""","President Trump on Saturday told reporters, without citing evidence, that he believes a deadly strike on a girls' primary school​ in southern Iran last weekend was ""done by Iran.""","President Trump on Saturday told reporters, without citing evidence, that he believes a deadly strike on a girls' primary school in southern Iran last weekend was ""done by Iran.""
""In my opinion, bas… [+2222 chars]",https://www.cbsnews.com/news/trump-says-he-believes-bombing-of-iranian-girls-school-was-done-by-iran/,https://assets1.cbsnewsstatic.com/hub/i/r/2026/03/07/1b068b46-4362-41d7-ae2f-ec836c02e0a8/thumbnail/1200x630/ff0d333d3ef1fc69fe4f8c51aed705ed/gettyimages-2264792547.jpg,2026-03-07 23:19:54+00:00,Apple OR AAPL
,Gizmodo.com,Gizmodo Deals,How to Watch the F1 Australian GP 2026 Live Stream for Free,"The 2026 F1 season is finally here. Find out how to watch the Australian Grand Prix live and for free, no matter where you are.","The season opener at Albert Park is one of the most anticipated races in years. New regulations, new cars, and a completely reshuffled grid nobody knows who’s going to be on top when the lights go ou… [+5217 chars]",https://gizmodo.com/how-to-watch-the-f1-australian-gp-2026-live-stream-for-free-2000728326,https://gizmodo.com/app/uploads/2026/03/GP-Australia-Streaming-Free-1200x675.jpeg,2026-03-07 23:21:17+00:00,Apple OR AAPL
,9to5Mac,Michael Burkhardt,"Apple’s upcoming Mac desktops may cost more, but not for the reason you might think","This week, Apple unveiled a plethora of new Macs with M5 chips – and it revealed an interesting new trend. More base storage, but at slightly higher prices. This impacted the MacBook Air and MacBook Pro.



At the moment, M4 versions of the Mac mini, Mac Stud…","This week, Apple unveiled a plethora of new Macs with M5 chips – and it revealed an interesting new trend. More base storage, but at slightly higher prices. This impacted the MacBook Air and MacBook … [+2980 chars]",https://9to5mac.com/2026/03/07/apple-m5-mac-mini-mac-studio-imac-might-get-more-expensive/,https://i0.wp.com/9to5mac.com/wp-content/uploads/sites/6/2025/11/mac-studio-mini-m5.jpg?resize=1200%2C628&quality=82&strip=all&ssl=1,2026-03-07 23:25:58+00:00,Apple OR AAPL
,Slashdot.org,feedfeeder,Apple adds Steve Lemay and Molly Anderson to its leadership page - 9to5Mac,"Apple adds Steve Lemay and Molly Anderson to its leadership page9to5Mac Apple Adds Three Executives to Leadership PageMacRumors Apple's Leadership Shakeup: The $20B Regulatory War, AI Reset, and Health Bet Behind the Quiet Roster UpdateCTOL Digital Solutions …",The Fine Print: The following comments are owned by whoever posted them. We are not responsible for them in any way.,https://slashdot.org/firehose.pl?op=view&amp;id=180925992,,2026-03-07 23:53:02+00:00,Apple OR AAPL
